"","Date","Contest number","Word","Number of  reported results","Number in hard mode","1 try","2 tries","3 tries","4 tries","5 tries","6 tries","7 or more tries (X)","avg","stDev","percentHardMode","adjFreq","a","b","c","d","e","f","g","h","i","j","k","l","m","n","o","p","q","r","s","t","u","v","w","x","y","z","normUsers","normAdjUsers"
"1","44926","560","manly","20380","1899","0","2","17","37","29","12","2",4.34,0.632692658405327,0.0931795878312071,0.00213551401869159,"1","0","0","0","0","0","0","0","0","0","0","1","1","1","0","0","0","0","0","0","0","0","0","0","1","0",113.378779251809,0.00559436020522927
"2","44925","559","molar","21204","1973","0","4","21","38","26","9","1",4.14,0.612601789403975,0.0930484814186003,0.000456542056074766,"1","0","0","0","0","0","0","0","0","0","0","1","1","0","1","0","0","1","0","0","0","0","0","0","0","0",935.436031255951,0.0461520625091387
"3","44924","558","havoc","20001","1919","0","2","16","38","30","12","2",4.4,0.653794783588565,0.095945202739863,0.00147663551401869,"1","0","1","0","0","0","0","1","0","0","0","0","0","0","1","0","0","0","0","0","0","1","0","0","0","0",-291.80710143939,-0.0143798292656461
"4","44923","557","impel","20160","1937","0","3","21","40","25","9","1",4.15,0.627049022158935,0.0960813492063492,0.000107009345794393,"0","0","0","0","1","0","0","0","1","0","0","1","1","0","0","1","0","0","0","0","0","0","0","0","0","0",-186.937150244299,-0.00918748354427657
"5","44922","556","condo","20879","2012","0","2","17","35","29","14","3",4.45,0.611687751031443,0.0963647684276067,0.00199532710280374,"0","0","1","1","0","0","0","0","0","0","0","0","0","1","2","0","0","0","0","0","0","0","0","0","0","0",440.918363444456,0.021573373239484
"6","44921","555","judge","20011","2043","0","2","8","16","26","33","14",5.18,0.731026675299883,0.102093848383389,0.0416355140186916,"0","0","0","1","1","0","1","0","0","1","0","0","0","0","0","0","0","0","0","0","1","0","0","0","0","0",-560.407297996608,-0.0272420496020797
"7","44920","554","extra","15554","1562","1","5","20","35","28","10","1",4.18,0.599853156634029,0.1004243281471,0.0446261682242991,"1","0","0","0","1","0","0","0","0","0","0","0","0","0","0","0","0","1","0","1","0","0","0","1","0","0",-5194.37358777727,-0.250350880072703
"8","44919","553","poise","20281","1911","2","11","34","32","15","6","1",3.72,0.491203575293332,0.09422612297224,0.000514018691588785,"0","0","0","0","1","0","0","0","1","0","0","0","0","0","1","1","0","0","1","0","0","0","0","0","0","0",-684.208848211278,-0.0326354415624938
"9","44918","552","aorta","21937","2112","0","7","26","35","20","10","3",4.13,0.509149617826954,0.0962756985914209,0.000388785046728972,"2","0","0","0","0","0","0","0","0","0","0","0","0","0","1","0","0","1","0","1","0","0","0","0","0","0",724.796837596212,0.0341688617654215
"10","44917","551","excel","20490","2034","0","1","13","34","34","15","2",4.51,0.68507559541161,0.0992679355783309,0.00250934579439252,"0","0","1","0","2","0","0","0","0","0","0","1","0","0","0","0","0","0","0","0","0","0","0","1","0","0",-984.364577376531,-0.0458390549266156
"11","44916","550","lunar","22180","2036","0","5","32","40","17","4","0",3.75,0.614107947700216,0.0917944093778179,0.00275233644859813,"1","0","0","0","0","0","0","0","0","0","0","1","0","1","0","0","0","1","0","0","1","0","0","0","0","0",446.425658185708,0.0205408301075819
"12","44915","549","third","24137","2261","1","10","47","32","9","2","0",3.47,0.600468071392564,0.0936736131250777,0.0976635514018692,"0","0","0","1","0","0","0","1","1","0","0","0","0","0","0","0","0","1","0","1","0","0","0","0","0","0",2165.14436583799,0.0985417163615259
"13","44914","548","slate","26010","2422","6","14","33","27","13","5","1",3.43,0.421347046190351,0.093118031526336,0.00308878504672897,"1","0","0","0","1","0","0","0","0","0","0","1","0","0","0","0","0","0","1","1","0","0","0","0","0","0",3835.14781221872,0.172950321370437
"14","44913","547","taper","22166","2108","0","8","28","30","20","11","3",4.07,0.462688828891462,0.0951006045294595,0.000934579439252336,"1","0","0","0","1","0","0","0","0","0","0","0","0","0","0","1","0","1","0","1","0","0","0","0","0","0",-168.521252025235,-0.00754532636377662
"15","44912","546","chord","22336","2088","0","7","39","38","13","3","0",3.66,0.611029576090342,0.0934813753581662,0.00208878504672897,"0","0","1","1","0","0","0","1","0","0","0","0","0","0","1","0","0","1","0","0","0","0","0","0","0","0",-114.299079110246,-0.00509120518650906
"16","44911","545","probe","22853","2160","0","6","24","32","24","11","3",4.19,0.513628548383251,0.0945171312300354,0.00456542056074766,"0","1","0","0","1","0","0","0","0","0","0","0","0","0","1","1","0","1","0","0","0","0","0","0","0","0",324.428441701919,0.0144007550972498
"17","44910","544","rival","22176","2127","0","7","27","35","22","8","1",4,0.547004831527369,0.0959145021645022,0.00705607476635514,"1","0","0","0","0","0","0","0","1","0","0","1","0","0","0","0","0","1","0","0","0","1","0","0","0","0",-404.784765479468,-0.0179260716438113
"18","44909","543","usual","20824","2048","0","3","20","39","27","10","1",4.24,0.634608990976784,0.098348059930849,0.0194859813084112,"1","0","0","0","0","0","0","0","0","0","0","1","0","0","0","0","0","0","1","0","2","0","0","0","0","0",-1796.8784445008,-0.0794345121879042
"19","44908","542","spoke","24101","2224","0","6","31","38","19","5","0",3.82,0.591265793104284,0.0922783287000539,0.019018691588785,"0","0","0","0","1","0","0","0","0","0","1","0","0","0","1","1","0","0","1","0","0","0","0","0","0","0",1438.28761241114,0.0634649369330926
"20","44907","541","apply","22873","2150","0","5","28","38","22","7","1",4.05,0.587946385634738,0.0939972893804923,0.0301869158878505,"1","0","0","0","0","0","0","0","0","0","0","1","0","0","0","2","0","0","0","0","0","0","0","0","1","0",154.996834984278,0.00682264342770071
"21","44906","540","naive","21947","2075","1","7","24","32","24","11","1",4.08,0.528983751663328,0.0945459516106985,0.00262616822429907,"1","0","0","0","1","0","0","0","1","0","0","0","0","1","0","0","0","0","0","0","0","1","0","0","0","0",-848.001482065116,-0.0372012031994082
"22","44905","539","knock","21157","2041","0","3","18","43","27","8","1",4.22,0.679134603391559,0.0964692536749066,0.0104672897196262,"0","0","1","0","0","0","0","0","0","0","2","0","0","1","1","0","0","0","0","0","0","0","0","0","0","0",-1740.95619890972,-0.0760310738559545
"23","44904","538","braid","23640","2165","0","10","36","35","14","3","0",3.56,0.559506585347857,0.0915820642978003,0.000813084112149533,"1","1","0","1","0","0","0","0","1","0","0","0","0","0","0","0","0","1","0","0","0","0","0","0","0","0",612.739042234629,0.0266092890230611
"24","44903","537","infer","21199","1863","0","3","19","33","26","14","3",4.3,0.558147445957223,0.087881503844521,0.000677570093457944,"0","0","0","0","1","1","0","0","1","0","0","0","0","1","0","0","0","1","0","0","0","0","0","0","0","0",-1981.16282421979,-0.0854680288159913
"25","44902","536","joust","24899","2388","0","6","29","34","21","8","2",4.02,0.526746528001756,0.0959074661632997,0.00013785046728972,"0","0","0","0","0","0","0","0","0","1","0","0","0","0","1","0","0","0","1","1","1","0","0","0","0","0",1547.14939115401,0.0662538236077927
"26","44901","535","amber","23509","2261","0","6","22","33","24","12","3",4.23,0.522617040889954,0.0961759326215492,0.00435981308411215,"1","1","0","0","1","0","0","0","0","0","0","0","1","0","0","0","0","1","0","0","0","0","0","0","0","0",-27.7229489622696,-0.00117785934016324
"27","44900","534","woken","23153","2200","0","2","10","25","36","23","4",4.8,0.709808827381409,0.0950200837904375,0.00109345794392523,"0","0","0","0","1","0","0","0","0","0","1","0","0","1","1","0","0","0","0","0","0","0","1","0","0","0",-576.582324245875,-0.0242980393151188
"28","44899","533","adore","25577","2398","2","17","32","29","15","5","1",3.6,0.445191237666734,0.0937561090041834,0.0023411214953271,"1","0","0","1","1","0","0","0","0","0","0","0","0","0","1","0","0","1","0","0","0","0","0","0","0","0",1650.50070156465,0.0689821223313092
"29","44898","532","torso","23873","2260","0","4","35","36","17","6","1",3.85,0.565979976088672,0.0946676161353831,0.00120093457943925,"0","0","0","0","0","0","0","0","0","0","0","0","0","0","2","0","0","1","1","1","0","0","0","0","0","0",-252.148562044167,-0.0104516895054843
"30","44897","531","chafe","24646","2343","0","6","30","33","19","9","2",3.97,0.50480076220605,0.0950661364927372,0.000117289719626168,"1","0","1","0","1","1","0","1","0","0","0","0","0","0","0","0","0","0","0","0","0","0","0","0","0","0",321.434885902461,0.0132144144980487
"31","44896","530","eject","22628","2200","0","2","11","35","36","14","2",4.55,0.716263452462384,0.0972246773908432,0.000456542056074766,"0","0","1","0","2","0","0","0","0","1","0","0","0","0","0","0","0","0","0","1","0","0","0","0","0","0",-1896.44679113822,-0.0773288305864453
"32","44895","529","study","25690","2405","0","6","30","33","19","10","2",4.03,0.504772461704517,0.0936161930712339,0.0850467289719626,"0","0","0","1","0","0","0","0","0","0","0","0","0","0","0","0","0","0","1","1","1","0","0","0","1","0",965.71241413373,0.0390592614966096
"33","44894","528","undue","23739","2316","0","3","19","35","29","13","2",4.4,0.612819401657306,0.0975609756097561,0.000911214953271028,"0","0","0","1","1","0","0","0","0","0","0","0","0","1","0","0","0","0","0","0","2","0","0","0","0","0",-1183.657238879,-0.0474932198253928
"34","44893","527","tepid","26051","2484","0","10","38","35","13","3","0",3.57,0.56771471708949,0.0953514260489041,0.000239719626168224,"0","0","0","1","1","0","0","0","1","0","0","0","0","0","0","1","0","0","0","1","0","0","0","0","0","0",934.091611248376,0.0371897526873451
"35","44892","526","happy","25206","2356","0","6","28","39","19","6","1",3.9,0.579905575236586,0.0934698087756883,0.104672897196262,"1","0","0","0","0","0","0","1","0","0","0","0","0","0","0","2","0","0","0","0","0","0","0","0","1","0",-97.408697567349,-0.00384962748424934
"36","44891","525","clean","26381","2424","1","17","36","31","12","3","0",3.45,0.501953327369331,0.0918843106781396,0.0435981308411215,"1","0","1","0","1","0","0","0","0","0","0","1","0","1","0","0","0","0","0","0","0","0","0","0","0","0",902.787149081214,0.0354336920867924
"37","44890","524","itchy","24197","2329","0","8","28","40","18","5","1",3.87,0.585454646285383,0.0962516014381948,0.00102336448598131,"0","0","1","0","0","0","0","1","1","0","0","0","0","0","0","0","0","0","0","1","0","0","0","0","1","0",-1440.9122556051,-0.0562024021784409
"38","44889","523","feast","27705","2725","5","13","25","27","19","10","2",3.83,0.405286494787506,0.0983576971665764,0.00416355140186916,"1","0","0","0","1","1","0","0","0","0","0","0","0","0","0","0","0","0","1","1","0","0","0","0","0","0",1924.66510082734,0.074656326551022
"39","44888","522","drive","26663","2451","1","12","32","30","18","6","1",3.74,0.477069426913147,0.0919251397067097,0.0630841121495327,"0","0","0","1","1","0","0","0","1","0","0","0","0","0","0","0","0","1","0","0","0","1","0","0","0","0",758.124352786348,0.0292657012954197
"40","44887","521","prime","27437","2534","1","10","26","32","21","9","1",3.93,0.496569181867897,0.0923570361191092,0.0301869158878505,"0","0","0","0","1","0","0","0","1","0","0","0","1","0","0","1","0","1","0","0","0","0","0","0","0","0",1424.63861231922,0.0547677541107019
"41","44886","520","axiom","24288","2382","0","5","19","33","27","13","3",4.33,0.558850861781823,0.0980731225296443,0.000490654205607477,"1","0","0","0","0","0","0","0","1","0","0","0","1","0","1","0","0","0","0","0","0","0","0","1","0","0",-1816.608049525,-0.0695895546900598
"42","44885","519","brave","24991","2396","1","6","17","27","27","18","5",4.5,0.525918697319725,0.0958745148253371,0.01,"1","1","0","0","1","0","0","0","0","0","0","0","0","0","0","0","0","1","0","0","0","1","0","0","0","0",-1192.95345614791,-0.0455604787927014
"43","44884","518","avert","24749","2400","0","7","26","35","22","9","1",4.03,0.543809315319783,0.0969736150955594,0.000644859813084112,"1","0","0","0","1","0","0","0","0","0","0","0","0","0","0","0","0","1","0","1","0","1","0","0","0","0",-1504.05404988599,-0.0572906316738613
"44","44883","517","glyph","29208","2899","0","2","23","49","20","5","1",4.06,0.714072825417688,0.0992536291427006,0.00023411214953271,"0","0","0","0","0","0","1","1","0","0","0","1","0","0","0","1","0","0","0","0","0","0","0","0","1","0",2892.94098833728,0.109934809078526
"45","44882","516","there","27465","2530","0","14","35","33","14","4","0",3.59,0.521175411472768,0.0921172401237939,0.953271028037383,"0","0","0","0","2","0","0","1","0","0","0","0","0","0","0","0","0","1","0","1","0","0","0","0","0","0",1090.94303146927,0.0413642479339061
"46","44881","515","baker","25576","2541","0","5","16","23","24","22","10",4.72,0.512603067452688,0.0993509540193932,0.00794392523364486,"1","1","0","0","1","0","0","0","0","0","1","0","0","0","0","0","0","1","0","0","0","0","0","0","0","0",-859.430850943692,-0.032510567192553
"47","44880","514","snarl","27475","2650","0","5","21","31","24","15","4",4.35,0.511482439301962,0.0964513193812557,0.000194859813084112,"1","0","0","0","0","0","0","0","0","0","0","1","0","1","0","0","0","1","1","0","0","0","0","0","0","0",969.261601734022,0.0365679909448375
"48","44879","513","maple","26536","2467","1","6","26","36","21","8","1",3.95,0.548539185560374,0.0929680434127223,0.00338317757009346,"1","0","0","0","1","0","0","0","0","0","0","1","1","0","0","1","0","0","0","0","0","0","0","0","0","0",-55.8456305129002,-0.00210010359148671
"49","44878","512","inane","25085","2515","0","8","25","30","21","13","3",4.15,0.469528639016986,0.100259118995416,0.00023411214953271,"1","0","0","0","1","0","0","0","1","0","0","0","0","2","0","0","0","0","0","0","0","0","0","0","0","0",-1614.39166997915,-0.0604654851291752
"50","44877","511","valet","24660","2356","0","4","22","38","25","9","1",4.12,0.603667363466244,0.0955393349553934,0.000691588785046729,"1","0","0","0","1","0","0","0","0","0","0","1","0","0","0","0","0","0","0","1","0","1","0","0","0","0",-2170.94681083176,-0.0809120463074879
"51","44876","510","medal","25993","2438","0","5","25","38","23","8","1",4.07,0.587974732207334,0.0937944831300735,0.0114485981308411,"1","0","0","1","1","0","0","0","0","0","0","1","1","0","0","0","0","0","0","0","0","0","0","0","0","0",-991.475453200717,-0.0367424393674147
"52","44875","509","unite","27467","2575","1","11","31","33","18","5","1",3.75,0.508555376953751,0.0937488622710889,0.00371028037383178,"0","0","0","0","1","0","0","0","1","0","0","0","0","1","0","0","0","0","0","1","1","0","0","0","0","0",314.320000971376,0.0115760212613496
"53","44874","508","rainy","28984","2678","1","16","38","31","11","3","1",3.51,0.503237139972418,0.0923958045818383,0.00257009345794393,"1","0","0","0","0","0","0","0","1","0","0","0","0","1","0","0","0","1","0","0","0","0","0","0","1","0",1660.40816602278,0.0607682978179333
"54","44873","507","spell","27213","2531","0","4","24","37","24","9","1",4.09,0.586226837292447,0.0930070187042957,0.0109345794392523,"0","0","0","0","1","0","0","0","0","0","0","2","0","0","0","1","0","0","1","0","0","0","0","0","0","0",-269.444871250878,-0.00980425404337814
"55","44872","506","begin","26096","2439","0","6","26","36","23","7","1",3.98,0.568226145457029,0.0934625996321275,0.0323364485981308,"0","1","0","0","1","0","1","0","1","0","0","0","0","1","0","0","0","0","0","0","0","0","0","0","0","0",-1518.48134783305,-0.054988588368045
"56","44871","505","stale","31068","3013","2","19","30","27","15","6","2",3.63,0.398012921541859,0.0969808162739797,0.00125700934579439,"1","0","0","0","1","0","0","0","0","0","0","1","0","0","0","0","0","0","1","1","0","0","0","0","0","0",3359.888007046,0.12126008469651
"57","44870","504","dream","29743","2751","5","14","31","29","15","4","1",3.48,0.44466145495625,0.0924923511414451,0.0379906542056075,"1","0","0","1","1","0","0","0","0","0","0","0","1","0","0","0","0","1","0","0","0","0","0","0","0","0",1985.32220681249,0.0715233537043124
"58","44869","503","photo","27330","2565","0","5","34","43","15","3","0",3.77,0.654890030753983,0.0938529088913282,0.0435981308411215,"0","0","0","0","0","0","0","1","0","0","0","0","0","0","2","1","0","0","0","1","0","0","0","0","0","0",-435.157907611811,-0.0156728050695693
"59","44868","502","aloud","29554","2819","1","18","31","30","15","4","1",3.56,0.456268509083141,0.0953847194965148,0.00151401869158878,"1","0","0","1","0","0","0","0","0","0","0","1","0","0","1","0","0","0","0","0","1","0","0","0","0","0",1813.67922435806,0.0653806147025743
"60","44867","501","inept","27670","2640","0","6","30","39","20","6","1",4.01,0.590951613521623,0.0954101915431876,0.000630841121495327,"0","0","0","0","1","0","0","0","1","0","0","0","0","1","0","1","0","0","0","1","0","0","0","0","0","0",-29.178820696503,-0.00105341825782578
"61","44866","500","piney","27502","3667","0","1","14","37","33","14","2",4.55,0.690096611593865,0.133335757399462,0.000141121495327103,"0","0","0","0","1","0","0","0","1","0","0","0","0","1","0","1","0","0","0","0","0","0","0","0","1","0",-158.997086663967,-0.00574806056939369
"62","44865","499","aptly","26498","2572","0","3","26","41","23","7","1",4.12,0.629879051126182,0.0970639293531587,0.000616822429906542,"1","0","0","0","0","0","0","0","0","0","0","1","0","0","0","1","0","0","0","1","0","0","0","0","1","0",-1146.51093603627,-0.0414733665822144
"63","44864","498","waltz","24672","2496","0","2","11","29","35","19","3",4.63,0.683116109492097,0.101167315175097,0.0011214953271028,"1","0","0","0","0","0","0","0","0","0","0","1","0","0","0","0","0","0","0","1","0","0","1","0","0","1",-2992.22601111922,-0.108162289084702
"64","44863","497","libel","25156","2536","0","3","15","32","32","16","2",4.49,0.64105196282955,0.100810939736047,0.00102336448598131,"0","1","0","0","1","0","0","0","1","0","0","2","0","0","0","0","0","0","0","0","0","0","0","0","0","0",-2571.74556247732,-0.09274989763169
"65","44862","496","sneak","27905","2636","0","7","28","36","21","7","1",3.96,0.554131667351637,0.094463357821179,0.00456542056074766,"1","0","0","0","1","0","0","0","0","0","1","0","0","1","0","0","0","0","1","0","0","0","0","0","0","0",70.2485307172137,0.0025237707185831
"66","44861","495","carry","27609","2615","0","4","22","35","24","12","3",4.27,0.547692127628896,0.0947154913252925,0.0362616822429907,"1","0","1","0","0","0","0","0","0","0","0","0","0","0","0","0","0","2","0","0","0","0","0","0","1","0",-368.836366009811,-0.0131831626000183
"67","44860","494","flout","30063","2904","0","6","28","37","21","7","1",3.98,0.56734553173613,0.0965971459934138,0.0000831775700934579,"0","0","0","0","0","1","0","0","0","0","0","1","0","0","1","0","0","0","0","1","1","0","0","0","0","0",1918.18544355348,0.0681541333202398
"68","44859","493","foggy","28953","2817","0","2","13","35","32","15","3",4.54,0.656161275181353,0.0972956170345042,0.000724299065420561,"0","0","0","0","0","1","2","0","0","0","0","0","0","0","1","0","0","0","0","0","0","0","0","0","1","0",631.269723140002,0.0222892357553371
"69","44858","492","fault","28947","2768","0","7","27","35","22","8","1",4,0.547004831527369,0.0956230352022662,0.0204205607476635,"1","0","0","0","0","1","0","0","0","0","0","1","0","0","0","0","0","0","0","1","1","0","0","0","0","0",451.367373559446,0.0158398790255539
"70","44857","491","mummy","29279","3021","0","1","4","14","27","37","18",5.53,0.846384467406312,0.103179753406879,0.00173831775700935,"0","0","0","0","0","0","0","0","0","0","0","0","3","0","0","0","0","0","0","0","1","0","0","0","1","0",622.605748081241,0.0217265906731987
"71","44856","490","spiel","29084","2810","0","7","32","36","19","6","1",3.92,0.556267321827674,0.0966166964654105,0.000213551401869159,"0","0","0","0","1","0","0","0","1","0","0","1","0","0","0","1","0","0","1","0","0","0","0","0","0","0",286.740240306932,0.0099572057445645
"72","44855","489","grove","28637","2794","0","4","18","30","28","17","3",4.45,0.57060953207534,0.0975660858330132,0.00407009345794393,"0","0","0","0","1","0","1","0","0","0","0","0","0","0","1","0","0","1","0","0","0","1","0","0","0","0",-277.3084160982,-0.00959069856029504
"73","44854","488","denim","28741","2769","0","5","29","40","20","5","0",3.87,0.61608209100504,0.0963432030896628,0.00154672897196262,"0","0","0","1","1","0","0","0","1","0","0","0","1","1","0","0","0","0","0","0","0","0","0","0","0","0",-264.426683989823,-0.00911645558159566
"74","44853","487","quirk","28322","2794","0","3","23","39","24","9","2",4.19,0.599511706069436,0.0986512251959607,0.000630841121495327,"0","0","0","0","0","0","0","0","1","0","1","0","0","0","0","0","1","1","0","0","1","0","0","0","0","0",-747.458042767983,-0.0257128303413258
"75","44852","486","exist","28612","2805","0","5","24","38","23","8","1",4.04,0.586649079822975,0.0980357891793653,0.0250934579439252,"0","0","0","0","1","0","0","0","1","0","0","0","0","0","0","0","0","0","1","1","0","0","0","1","0","0",-494.042736868221,-0.0169738889389599
"76","44851","485","stein","31269","2965","1","12","34","32","16","5","1",3.72,0.499080106176306,0.0948223480124085,0.00208878504672897,"0","0","0","0","1","0","0","0","1","0","0","0","0","1","0","0","0","0","1","1","0","0","0","0","0","0",2152.74608691378,0.0739362314032517
"77","44850","484","spade","30459","2854","1","8","29","36","19","6","1",3.86,0.542323045531246,0.0936997275025444,0.001,"1","0","0","1","1","0","0","0","0","0","0","0","0","0","0","1","0","0","1","0","0","0","0","0","0","0",1355.2683130436,0.0465668226886175
"78","44849","483","catch","30403","3123","0","7","18","20","15","16","23",4.8,0.53789271367864,0.102720126303325,0.0346261682242991,"1","0","2","0","0","0","0","1","0","0","0","0","0","0","0","0","0","0","0","1","0","0","0","0","0","0",1327.31048003225,0.0456501806817244
"79","44848","482","floor","28906","2752","0","3","23","44","24","6","0",4.07,0.680745389785554,0.0952051477201965,0.0407009345794393,"0","0","0","0","0","1","0","0","0","0","0","1","0","0","2","0","0","1","0","0","0","0","0","0","0","0",-137.176592035004,-0.00472319519183121
"80","44847","481","equal","27197","2677","0","5","23","35","25","11","2",4.24,0.562075236448441,0.0984299738941795,0.0208878504672897,"1","0","0","0","1","0","0","0","0","0","0","1","0","0","0","0","1","0","0","0","1","0","0","0","0","0",-1823.15679979936,-0.062823809408637
"81","44846","480","ionic","29151","2947","0","2","13","25","28","21","11",4.86,0.565681215964644,0.101094302082261,0.000757009345794392,"0","0","1","0","0","0","0","0","2","0","0","0","0","1","1","0","0","0","0","0","0","0","0","0","0","0",129.594908379411,0.00446549393353906
"82","44845","479","valid","28575","2752","0","4","28","38","21","8","1",4.04,0.581455480832777,0.0963079615048119,0.011214953271028,"1","0","0","1","0","0","0","0","1","0","0","1","0","0","0","0","0","0","0","0","0","1","0","0","0","0",-484.661699417309,-0.0166781604146144
"83","44844","478","enjoy","26878","2654","0","3","12","29","33","20","3",4.64,0.659512807197209,0.0987424659572885,0.0574766355140187,"0","0","0","0","1","0","0","0","0","1","0","0","0","1","1","0","0","0","0","0","0","0","0","0","1","0",-2264.79934602052,-0.0777138571737716
"84","44843","477","howdy","28408","2668","0","2","13","32","32","17","4",4.61,0.637035545094845,0.0939172064207266,0.000560747663551402,"0","0","0","1","0","0","0","1","0","0","0","0","0","0","1","0","0","0","0","0","0","0","1","0","1","0",-863.853155913712,-0.0295113927810611
"85","44842","476","vigor","26905","2642","0","2","15","35","31","14","2",4.42,0.645611559464579,0.0981973610853001,0.0005,"0","0","0","0","0","0","1","0","1","0","0","0","0","0","1","0","0","1","0","0","0","1","0","0","0","0",-2535.56722258952,-0.0861249446526968
"86","44841","475","dandy","29026","2840","0","2","11","23","29","24","11",4.95,0.609035146378113,0.09784331289189,0.000831775700934579,"1","0","0","2","0","0","0","0","0","0","0","0","0","1","0","0","0","0","0","0","0","0","0","0","1","0",-610.679624177741,-0.0206055344904274
"87","44840","474","sloth","32522","2987","1","10","38","34","13","3","0",3.54,0.555873401140258,0.0918455199557223,0.000588785046728972,"0","0","0","0","0","0","0","1","0","0","0","1","0","0","1","0","0","0","1","1","0","0","0","0","0","0",2677.31993779017,0.0897084482798751
"88","44839","473","marsh","30935","2885","0","9","30","35","19","6","1",3.86,0.533992152608649,0.0932600614191046,0.00346261682242991,"1","0","0","0","0","0","0","1","0","0","0","0","1","0","0","0","0","1","1","0","0","0","0","0","0","0",885.708692098178,0.0294751940411077
"89","44838","472","bough","32014","3060","0","3","17","35","28","13","3",4.36,0.594494583258594,0.0955831823577185,0.000250934579439252,"0","1","0","0","0","0","1","1","0","0","0","0","0","0","1","0","0","0","0","0","1","0","0","0","0","0",1775.25663888586,0.0587080163248045
"90","44837","471","sting","32288","2969","1","10","30","33","18","8","2",3.95,0.487095375426522,0.0919536669970268,0.00294859813084112,"0","0","0","0","0","0","1","0","1","0","0","0","0","1","0","0","0","0","1","1","0","0","0","0","0","0",1881.02436285807,0.0618616065374292
"91","44836","470","twine","30088","2775","0","6","28","40","20","5","1",3.93,0.601177416171205,0.0922294602499335,0.000397663551401869,"0","0","0","0","1","0","0","0","1","0","0","0","0","1","0","0","0","0","0","1","0","0","1","0","0","0",-466.296815672929,-0.0152612517475362
"92","44835","469","leave","28202","2696","0","4","16","34","31","12","1",4.26,0.635044055464621,0.0955960570172328,0.102336448598131,"1","0","0","0","2","0","0","0","0","0","0","1","0","0","0","0","0","0","0","0","0","1","0","0","0","0",-2484.48523953792,-0.0809634997342997
"93","44834","468","scorn","31223","2859","0","8","31","35","20","6","1",3.92,0.546168472176855,0.0915671139864843,0.000630841121495327,"0","0","1","0","0","0","0","0","0","0","0","0","0","1","1","0","0","1","1","0","0","0","0","0","0","0",410.222712469385,0.01331339621357
"94","44833","467","scald","30477","2829","0","4","23","36","24","11","2",4.21,0.565580190937547,0.0928240968599272,0.0000691588785046729,"1","0","1","1","0","0","0","0","0","0","0","1","0","0","0","0","0","0","1","0","0","0","0","0","0","0",-466.397656088742,-0.01507260648208
"95","44832","466","usurp","31355","3007","0","3","21","38","26","9","1",4.12,0.615424746859938,0.0959017700526232,0.00023411214953271,"0","0","0","0","0","0","0","0","0","0","0","0","0","0","0","1","0","1","1","0","2","0","0","0","0","0",267.741695230739,0.00861258630805869
"96","44831","465","soggy","30985","2888","0","2","18","38","28","11","2",4.3,0.629466894624786,0.093206390188801,0.000644859813084112,"0","0","0","0","0","0","2","0","0","0","0","0","0","0","1","0","0","0","1","0","0","0","0","0","1","0",-265.231857311377,-0.00848735646258326
"97","44830","464","brisk","31706","2884","0","5","23","38","24","7","1",4,0.59611040843758,0.0909607014445215,0.000738317757009346,"0","1","0","0","0","0","0","0","1","0","1","0","0","0","0","0","0","1","1","0","0","0","0","0","0","0",271.865786849576,0.0086487442283631
"98","44829","463","admit","28994","2677","0","10","25","34","22","8","1",3.96,0.525542803295068,0.0923294474718907,0.0177570093457944,"1","0","0","1","0","0","0","0","1","0","0","0","1","0","0","0","0","0","0","1","0","0","0","0","0","0",-2642.32458324661,-0.0835218571706616
"99","44828","462","grate","32777","3077","1","14","29","28","16","8","3",3.77,0.402882471341564,0.0938768038563627,0.000691588785046729,"1","0","0","0","1","0","1","0","0","0","0","0","0","0","0","0","0","1","0","1","0","0","0","0","0","0",927.23553598121,0.0291127909918682
"100","44827","461","glory","31509","2893","0","6","30","39","19","5","0",3.83,0.599297207449812,0.0918150369735631,0.0107009345794393,"0","0","0","0","0","0","1","0","0","0","0","1","0","0","1","0","0","1","0","0","0","0","0","0","1","0",-554.412783923581,-0.0172911345295583
"101","44826","460","saint","34455","3119","1","14","35","29","15","5","1",3.62,0.467607894348612,0.090523871716732,0.0120093457943925,"1","0","0","0","0","0","0","0","1","0","0","0","0","1","0","0","0","0","1","1","0","0","0","0","0","0",2192.01380829445,0.0679420620047253
"102","44825","459","recap","31976","2900","0","5","30","35","21","8","1",4,0.552582680734403,0.0906930197648236,0.00131775700934579,"1","0","1","0","1","0","0","0","0","0","0","0","0","0","0","1","0","1","0","0","0","0","0","0","0","0",-456.18091691181,-0.0140656873517233
"103","44824","458","alike","31277","2843","0","6","20","33","27","12","2",4.25,0.56227852782864,0.0908974645905937,0.00630841121495327,"1","0","0","0","1","0","0","0","1","0","1","1","0","0","0","0","0","0","0","0","0","0","0","0","0","0",-1277.50671993996,-0.039242085003164
"104","44823","457","trice","35050","3430","0","5","24","25","18","17","11",4.51,0.421499590464694,0.0978601997146933,0.000117289719626168,"0","0","1","0","1","0","0","0","1","0","0","0","0","0","0","0","0","1","0","1","0","0","0","0","0","0",2434.27934053724,0.0746351541930743
"105","44822","456","stick","33102","3038","1","9","36","35","14","4","0",3.61,0.554492474937131,0.0917769319074376,0.0268691588785047,"0","0","1","0","0","0","0","0","1","0","1","0","0","0","0","0","0","0","1","1","0","0","0","0","0","0",495.363262055664,0.0151920992660739
"106","44821","455","chute","33418","3073","0","11","37","36","12","3","0",3.55,0.569523610447489,0.0919564306661081,0.000724299065420561,"0","0","1","0","1","0","0","1","0","0","0","0","0","0","0","0","0","0","0","1","1","0","0","0","0","0",892.247752372368,0.0274320404822443
"107","44820","454","parer","37309","4130","0","0","4","11","15","22","48",5.99,1.20255086022528,0.110697150821518,0.000016588785046729,"1","0","0","0","1","0","0","0","0","0","0","0","0","0","0","1","0","2","0","0","0","0","0","0","0","0",4928.02667338353,0.152188960587321
"108","44819","453","doubt","33344","3011","1","12","32","34","16","4","0",3.61,0.526746528001756,0.090301103646833,0.0371028037383178,"0","1","0","1","0","0","0","0","0","0","0","0","0","0","1","0","0","0","0","1","1","0","0","0","0","0",1154.26620471499,0.0358582090816811
"109","44818","452","thyme","32142","2938","1","5","24","41","23","5","0",3.92,0.637102817447859,0.0914068819612967,0.000546728971962617,"0","0","0","0","1","0","0","1","0","0","0","0","1","0","0","0","0","0","0","1","0","0","0","0","1","0",164.878559411012,0.00515614139056712
"110","44817","451","alpha","29497","2706","0","3","19","40","28","9","1",4.24,0.655333430218469,0.091738142861986,0.00831775700934579,"2","0","0","0","0","0","0","1","0","0","0","1","0","0","0","1","0","0","0","0","0","0","0","0","0","0",-2275.18252538515,-0.0716092614527611
"111","44816","450","booze","29147","2883","0","1","7","27","38","23","4",4.87,0.75449446966953,0.0989124095104127,0.00208878504672897,"0","1","0","0","1","0","0","0","0","0","0","0","0","0","2","0","0","0","0","0","0","0","0","0","0","1",-2456.15339791408,-0.0777186177274383
"112","44815","449","tibia","27887","2675","0","1","14","40","30","12","2",4.4,0.678120652279238,0.0959228314268297,0.000371028037383178,"1","1","0","0","0","0","0","0","2","0","0","0","0","0","0","0","0","0","0","1","0","0","0","0","0","0",-3605.76552578887,-0.114495042451454
"113","44814","448","lofty","29237","2777","0","4","19","34","27","13","3",4.35,0.570480165341109,0.0949823853336526,0.00102336448598131,"0","0","0","0","0","1","0","0","0","0","0","1","0","0","1","0","0","0","0","1","0","0","0","0","1","0",-2217.77516023065,-0.0705067878862048
"114","44813","447","theme","32172","2909","0","8","29","40","18","4","0",3.77,0.602727925668749,0.090420241203531,0.0194859813084112,"0","0","0","0","2","0","0","1","0","0","0","0","1","0","0","0","0","0","0","1","0","0","0","0","0","0",679.49946536254,0.0215765485060541
"115","44812","446","class","31962","3001","0","4","21","32","22","13","7",4.36,0.4803718797527,0.0938927476378199,0.107009345794393,"1","0","1","0","0","0","0","0","0","0","0","1","0","0","0","0","0","0","2","0","0","0","0","0","0","0",362.489495070604,0.0114713642483182
"116","44811","445","leery","30992","2873","0","3","17","37","28","12","2",4.31,0.618919950205117,0.0927013422818792,0.000177570093457944,"0","0","0","0","2","0","0","0","0","0","0","1","0","0","0","0","0","1","0","0","0","0","0","0","1","0",-770.037720895769,-0.0242439646871011
"117","44810","444","taunt","32734","3022","0","4","19","27","21","16","13",4.65,0.45843418803783,0.0923199120180852,0.000426168224299065,"1","0","0","0","0","0","0","0","0","0","0","0","0","1","0","0","0","0","0","2","1","0","0","0","0","0",771.693582097865,0.0241438640881572
"118","44809","443","whoop","32733","2970","0","1","16","47","29","7","1",4.32,0.750882021041794,0.0907341215287325,0.000738317757009346,"0","0","0","0","0","0","0","1","0","0","0","0","0","0","2","1","0","0","0","0","0","0","1","0","0","0",551.086728768663,0.0171241132907191
"119","44808","442","inter","32018","2889","0","6","25","36","23","8","1",4.01,0.564379136329303,0.0902304953463677,0.00677570093457944,"0","0","0","0","1","0","0","0","1","0","0","0","0","1","0","0","0","1","0","1","0","0","0","0","0","0",-386.663287536743,-0.0119323346799119
"120","44807","441","gully","31191","2877","0","1","9","27","31","25","7",4.91,0.669363592562084,0.0922381456189285,0.000602803738317757,"0","0","0","0","0","0","1","0","0","0","0","2","0","0","0","0","0","0","0","0","1","0","0","0","1","0",-1427.5215101781,-0.0437641390255124
"121","44806","440","charm","35724","3149","1","12","32","34","16","5","1",3.74,0.510811679025227,0.0881480237375434,0.00616822429906542,"1","0","1","0","0","0","0","1","0","0","0","0","1","0","0","0","0","1","0","0","0","0","0","0","0","0",2907.34457942005,0.0885935675698625
"122","44805","439","fungi","31903","2928","0","2","18","41","28","9","1",4.23,0.668726579474181,0.0917782026768642,0.00141121495327103,"0","0","0","0","0","1","1","0","1","0","0","0","0","1","0","0","0","0","0","0","1","0","0","0","0","0",-1094.59197110054,-0.0331718742403746
"123","44804","438","prize","35343","3166","0","5","12","20","32","26","5",4.77,0.663988668864878,0.0895792660498543,0.0181775700934579,"0","0","0","0","1","0","0","0","1","0","0","0","0","0","0","1","0","1","0","0","0","0","0","0","0","1",2178.41654622326,0.0656850265965026
"124","44803","437","onset","33660","3009","0","4","29","40","21","6","1",4.03,0.611033472701705,0.0893939393939394,0.00245327102803738,"0","0","0","0","1","0","0","0","0","0","0","0","0","1","1","0","0","0","1","1","0","0","0","0","0","0",335.773824774587,0.0100759676461509
"125","44802","436","chief","34281","3072","1","6","32","38","18","5","0",3.81,0.587760074147526,0.089612321694233,0.0602803738317757,"0","0","1","0","1","1","0","1","1","0","0","0","0","0","0","0","0","0","0","0","0","0","0","0","0","0",796.493574214459,0.0237869289182982
"126","44801","435","gauze","30214","2866","0","2","11","24","31","25","8",4.94,0.647040883377476,0.0948566889521414,0.000362616822429907,"1","0","0","0","1","0","1","0","0","0","0","0","0","0","0","0","0","0","0","0","1","0","0","0","0","1",-3438.55664638177,-0.102178169775148
"127","44800","434","ruder","31241","2784","0","2","16","33","29","16","4",4.53,0.597960820503436,0.0891136647354438,0.0000630841121495327,"0","0","0","1","1","0","0","0","0","0","0","0","0","0","0","0","0","2","0","0","1","0","0","0","0","0",-2591.589393189,-0.0766003855948052
"128","44799","433","irony","34716","3046","0","6","29","34","21","8","1",3.95,0.536931315994176,0.0877405231017398,0.00338317757009346,"0","0","0","0","0","0","0","0","1","0","0","0","0","1","1","0","0","1","0","0","0","0","0","0","1","0",691.491516455739,0.0203233359503246
"129","44798","432","clown","36737","3175","1","8","29","36","20","6","1",3.91,0.548738813748659,0.0864251299779514,0.00397663551401869,"0","0","1","0","0","0","0","0","0","0","0","1","0","1","1","0","0","0","0","0","0","0","1","0","0","0",2513.43642674415,0.0734416923405453
"130","44797","431","needy","33700","2927","0","2","21","41","26","9","1",4.22,0.649428320030119,0.0868545994065282,0.00177570093457944,"0","0","0","1","2","0","0","0","0","0","0","0","0","1","0","0","0","0","0","0","0","0","0","0","1","0",-721.193399849828,-0.0209520161451745
"131","44796","430","woven","33549","2933","0","2","13","32","32","17","3",4.54,0.644474684566911,0.0874243643625741,0.00169626168224299,"0","0","0","0","1","0","0","0","0","0","0","0","0","1","1","0","0","0","0","0","0","1","1","0","0","0",-1057.87762145325,-0.0305684214861804
"132","44795","429","merit","35888","3123","0","7","33","37","17","5","0",3.76,0.574883010873061,0.0870207311636201,0.00560747663551402,"0","0","0","0","1","0","0","0","1","0","0","0","1","0","0","0","0","1","0","1","0","0","0","0","0","0",1117.4607594164,0.0321381486690354
"133","44794","428","waste","35617","3186","1","7","19","27","24","17","5",4.37,0.480584961023444,0.0894516663391077,0.0301869158878505,"1","0","0","0","1","0","0","0","0","0","0","0","0","0","0","0","0","0","1","1","0","0","1","0","0","0",712.041923647295,0.0203994493300849
"134","44793","427","treat","38245","3249","1","22","32","26","14","5","1",3.52,0.410638295247544,0.0849522813439665,0.0262616822429907,"1","0","0","0","1","0","0","0","0","0","0","0","0","0","0","0","0","1","0","2","0","0","0","0","0","0",3237.37575757785,0.0924763055944484
"135","44792","426","shrug","33965","2987","0","4","23","36","26","10","1",4.18,0.593709083803235,0.0879434712203739,0.000934579439252336,"0","0","0","0","0","0","1","1","0","0","0","0","0","0","0","0","0","1","1","0","1","0","0","0","0","0",-1116.61401789734,-0.0318290377782416
"136","44791","425","twang","34938","3172","0","3","22","43","25","7","1",4.18,0.663995840491848,0.0907893983628141,0.000169626168224299,"1","0","0","0","0","0","1","0","0","0","0","0","0","1","0","0","0","0","0","1","0","0","1","0","0","0",-197.276323318787,-0.00561476510113164
"137","44790","424","twice","35815","3173","1","6","28","38","21","6","1",3.97,0.579646854723181,0.0885941644562334,0.0323364485981308,"0","0","1","0","1","0","0","0","1","0","0","0","0","0","0","0","0","0","0","1","0","0","1","0","0","0",634.203169735949,0.0180269700199167
"138","44789","423","gruel","35105","3087","0","3","19","39","29","9","1",4.25,0.655838249512644,0.0879361914257228,0.000128504672897196,"0","0","0","0","1","0","1","0","0","0","0","1","0","0","0","0","0","1","0","0","1","0","0","0","0","0",-126.921537431081,-0.00360245856293239
"139","44788","422","poker","35376","3180","0","4","17","30","27","17","5",4.51,0.545614550846326,0.0898914518317503,0.00435981308411215,"0","0","0","0","1","0","0","0","0","0","1","0","0","0","1","1","0","1","0","0","0","0","0","0","0","0",74.6522443849899,0.00211471371863177
"140","44787","421","khaki","31652","2968","0","2","17","33","28","16","4",4.51,0.585714866434091,0.0937697459876153,0.000514018691588785,"1","0","0","0","0","0","0","1","1","0","2","0","0","0","0","0","0","0","0","0","0","0","0","0","0","0",-3746.36752287172,-0.105834471616554
"141","44786","420","hunky","35276","3185","0","1","11","33","25","22","7",4.73,0.605608705982588,0.0902880145141172,0.000245327102803738,"0","0","0","0","0","0","0","1","0","0","1","0","0","1","0","0","0","0","0","0","1","0","0","0","1","0",-251.307538629597,-0.00707364436092842
"142","44785","419","label","34198","3076","0","4","18","32","29","15","2",4.39,0.5937652253687,0.0899467805134803,0.0125700934579439,"1","1","0","0","1","0","0","0","0","0","0","2","0","0","0","0","0","0","0","0","0","0","0","0","0","0",-1489.07087013804,-0.0417257800607014
"143","44784","418","glean","37301","3243","0","6","23","37","24","8","1",4.04,0.580881923908646,0.0869413688641055,0.000250934579439252,"1","0","0","0","1","0","1","0","0","0","0","1","0","1","0","0","0","0","0","0","0","0","0","0","0","0",1429.13134180615,0.0398398911253739
"144","44783","417","cling","37654","3312","0","4","20","34","27","13","2",4.31,0.57919073262778,0.0879587825994582,0.00144392523364486,"0","0","1","0","0","0","1","0","1","0","0","1","0","1","0","0","0","0","0","0","0","0","0","0","0","0",1581.14623407678,0.0438320251659833
"145","44782","416","patty","36223","3019","0","2","16","39","29","12","1",4.32,0.661481022295533,0.0833448361538249,0.00177570093457944,"1","0","0","0","0","0","0","0","0","0","0","0","0","0","0","1","0","0","0","2","0","0","0","0","1","0",-57.2466483164826,-0.00157790129905688
"146","44781","415","unfit","35516","3187","0","3","24","38","25","9","1",4.16,0.608162728849693,0.0897342043022863,0.00154672897196262,"0","0","0","0","0","1","0","0","1","0","0","0","0","1","0","0","0","0","0","1","1","0","0","0","0","0",-969.395527345347,-0.0265694125919177
"147","44780","414","smear","36223","3190","0","2","16","39","29","12","2",4.39,0.652296310115638,0.0880655936835712,0.00134579439252336,"1","0","0","0","1","0","0","0","0","0","0","0","1","0","0","0","0","1","1","0","0","0","0","0","0","0",-459.383262116084,-0.0125232665182503
"148","44779","413","alien","38841","3395","3","17","31","29","15","4","0",3.45,0.455840406491654,0.0874076362606524,0.00911214953271028,"1","0","0","0","1","0","0","0","1","0","0","1","0","1","0","0","0","0","0","0","0","0","0","0","0","0",1972.1464605701,0.0534908539659623
"149","44778","412","buggy","37350","3428","0","1","9","29","34","22","5",4.82,0.6897929295914,0.0917804551539491,0.000976635514018692,"0","1","0","0","0","0","2","0","0","0","0","0","0","0","0","0","0","0","0","0","1","0","0","0","1","0",303.997500905934,0.00820594613179569
"150","44777","411","rhyme","37229","3336","0","4","22","39","25","8","1",4.1,0.61535510460376,0.0896075639958097,0.00169626168224299,"0","0","0","0","1","0","0","1","0","0","0","0","1","0","0","0","0","1","0","0","0","0","0","0","1","0",11.1922944085964,0.000300724172071932
"151","44776","410","youth","38381","3327","1","5","17","31","29","15","3",4.42,0.573510493116112,0.0866835152809984,0.0262616822429907,"0","0","0","0","0","0","0","1","0","0","0","0","0","0","1","0","0","0","0","1","1","0","0","0","1","0",991.259847074762,0.0265115468313093
"152","44775","409","coyly","34909","3380","0","0","4","17","28","35","15",5.35,0.802119216884397,0.0968231688103354,0.0000560747663551402,"0","0","1","0","0","0","0","0","0","0","0","1","0","0","1","0","0","0","0","0","0","0","0","0","2","0",-2658.28840844942,-0.070760720857658
"153","44774","408","quart","36662","3303","0","5","20","33","27","13","2",4.29,0.567706329179512,0.0900932845998582,0.000476635514018692,"1","0","0","0","0","0","0","0","0","0","0","0","0","0","0","0","1","1","0","1","1","0","0","0","0","0",-1092.66352845666,-0.0289411539221662
"154","44773","407","cramp","39250","3369","1","8","26","33","19","10","2",3.96,0.486204934256367,0.0858343949044586,0.000514018691588785,"1","0","1","0","0","0","0","0","0","0","0","0","1","0","0","1","0","1","0","0","0","0","0","0","0","0",1296.02924345418,0.0341473953217571
"155","44772","406","bluff","37353","3171","0","2","14","42","31","10","1",4.36,0.713225403494909,0.0848927796964099,0.00177570093457944,"0","1","0","0","0","2","0","0","0","0","0","1","0","0","0","0","0","0","0","0","1","0","0","0","0","0",-812.015576445345,-0.0212764377055961
"156","44771","405","upset","37791","3213","0","5","30","38","20","6","1",3.95,0.582519159709422,0.0850202429149798,0.019018691588785,"0","0","0","0","1","0","0","0","0","0","0","0","0","0","0","1","0","0","1","1","1","0","0","0","0","0",-594.704879115394,-0.0154928737400614
"157","44770","404","stomp","40650","3490","0","7","26","32","21","11","2",4.05,0.496804071756951,0.0858548585485855,0.000831775700934579,"0","0","0","0","0","0","0","0","0","0","0","0","1","0","1","1","0","0","1","1","0","0","0","0","0","0",2037.20042164988,0.0527597181218666
"158","44769","403","motto","38384","3285","0","1","11","36","36","14","1",4.5,0.734908481506695,0.0855825343893289,0.00245327102803738,"0","0","0","0","0","0","0","0","0","0","0","0","1","0","2","0","0","0","0","2","0","0","0","0","0","0",-458.740522765598,-0.0118101997076322
"159","44768","402","cinch","39171","3507","0","2","15","24","22","25","13",4.96,0.562625647342546,0.0895305200275714,0.000208878504672897,"0","0","2","0","0","0","0","1","1","0","0","0","0","1","0","0","0","0","0","0","0","0","0","0","0","0",98.6996290584138,0.00252607673777553
"160","44767","401","elope","39228","3339","0","4","22","32","26","13","2",4.24,0.552293917609611,0.085117773019272,0.000147663551401869,"0","0","0","0","2","0","0","0","0","0","0","1","0","0","1","1","0","0","0","0","0","0","0","0","0","0",-70.9865647178231,-0.00180632049126564
"161","44766","400","power","39813","3401","2","6","19","29","24","15","4",4.25,0.488764233747188,0.0854243588777535,0.154672897196262,"0","0","0","0","1","0","0","0","0","0","0","0","0","0","1","1","0","1","0","0","0","0","1","0","0","0",291.728266460224,0.00738155058438185
"162","44765","399","midge","36769","3111","0","2","18","39","28","10","2",4.28,0.638942578834451,0.0846093176317006,0.000268691588785047,"0","0","0","1","1","0","1","0","1","0","0","0","1","0","0","0","0","0","0","0","0","0","0","0","0","0",-2969.81855425752,-0.0747334385445474
"163","44764","398","tryst","43099","3665","0","3","26","41","23","6","1",4.06,0.632956027961922,0.0850367757952621,0.000169626168224299,"0","0","0","0","0","0","0","0","0","0","0","0","0","0","0","0","0","1","1","2","0","0","0","0","1","0",3146.20726638875,0.0787481187451992
"164","44763","397","aphid","39086","3367","0","6","24","36","23","9","2",4.11,0.551806556857089,0.0861433761449112,0.000114485981308411,"1","0","0","1","0","0","0","1","1","0","0","0","0","0","0","1","0","0","0","0","0","0","0","0","0","0",-1080.19499293085,-0.0268931372045813
"165","44762","396","trite","42237","3685","0","4","14","22","22","23","15",4.91,0.536980091854083,0.0872457797665554,0.000294859813084112,"0","0","0","0","1","0","0","0","1","0","0","0","0","0","0","0","0","1","0","2","0","0","0","0","0","0",1853.04923501821,0.0458857838303688
"166","44761","395","angry","39667","3358","0","5","27","38","21","7","1",3.97,0.578610815825695,0.0846547508004134,0.0213551401869159,"1","0","0","0","0","0","1","0","0","0","0","0","0","1","0","0","0","1","0","0","0","0","0","0","1","0",-945.443500789595,-0.0232796507496825
"167","44760","394","flock","42574","3548","0","4","22","37","27","9","1",4.18,0.61309907534629,0.0833372480856861,0.00228971962616822,"0","0","1","0","0","1","0","0","0","0","1","1","0","0","1","0","0","0","0","0","0","0","0","0","0","0",1715.65078373849,0.0419902129343901
"168","44759","393","wacky","39611","3345","0","3","18","39","27","10","2",4.25,0.625905058980308,0.0844462396808967,0.000911214953271028,"1","0","1","0","0","0","0","0","0","0","1","0","0","0","0","0","0","0","0","0","0","0","1","0","1","0",-1515.88152630921,-0.0368586547302277
"169","44758","392","roomy","38769","3280","0","2","17","41","28","10","2",4.33,0.659859292360338,0.0846036781964972,0.000218691588785047,"0","0","0","0","0","0","0","0","0","0","0","0","1","0","2","0","0","1","0","0","0","0","0","0","1","0",-2650.93021393564,-0.0640013201433098
"170","44757","391","wedge","39234","3353","0","2","11","32","37","17","2",4.66,0.722169350934095,0.0854615894377326,0.00194859813084112,"0","0","0","1","2","0","1","0","0","0","0","0","0","0","0","0","0","0","0","0","0","0","1","0","0","0",-2500.69154311548,-0.0599187738223022
"171","44756","390","liver","40549","3388","0","4","16","26","25","20","8",4.61,0.516153354841646,0.0835532318922785,0.00705607476635514,"0","0","0","0","1","0","0","0","1","0","0","1","0","0","0","0","0","1","0","0","0","1","0","0","0","0",-1514.35729785497,-0.0360018171429268
"172","44755","389","bland","46246","3727","0","7","31","38","18","4","0",3.73,0.588067861325383,0.0805907537949228,0.00147663551401869,"1","1","0","1","0","0","0","0","0","0","0","1","0","1","0","0","0","0","0","0","0","0","0","0","0","0",3851.88998304609,0.0908590835261236
"173","44754","388","night","46910","3870","1","8","27","27","17","13","7",4.18,0.392246278321596,0.0824984011937753,0.19018691588785,"0","0","0","0","0","0","1","1","1","0","0","0","0","1","0","0","0","0","0","1","0","0","0","0","0","0",4196.77312487604,0.0982546492482455
"174","44753","387","madam","40545","3430","0","3","13","35","34","14","2",4.53,0.683049883139689,0.0845973609569614,0.00181775700934579,"2","0","0","1","0","0","0","0","0","0","0","0","2","0","0","0","0","0","0","0","0","0","0","0","0","0",-2462.85051258598,-0.0572651384161885
"175","44752","386","berth","41785","3494","0","7","24","35","24","9","1",4.07,0.557985321534195,0.0836185233935623,0.00128504672897196,"0","1","0","0","1","0","0","1","0","0","0","0","0","0","0","0","0","1","0","1","0","0","0","0","0","0",-1483.74680123268,-0.0342914207348942
"176","44751","385","stead","47094","3933","1","6","20","27","28","16","3",4.38,0.53634122045756,0.0835138234169958,0.000724299065420561,"1","0","0","1","1","0","0","0","0","0","0","0","0","0","0","0","0","0","1","1","0","0","0","0","0","0",3601.47935738078,0.082806866655864
"177","44750","384","voice","42806","3484","1","5","24","35","25","9","1",4.09,0.571222581919901,0.0813904592814091,0.0546728971962617,"0","0","1","0","1","0","0","0","1","0","0","0","0","0","1","0","0","0","0","0","0","1","0","0","0","0",-876.845179174677,-0.0200729869031677
"178","44749","383","agape","43407","3671","0","2","18","36","27","15","3",4.48,0.602245796996542,0.0845716128734997,0.000208878504672897,"2","0","0","0","1","0","1","0","0","0","0","0","0","0","0","1","0","0","0","0","0","0","0","0","0","0",-443.532470166669,-0.0101146427462066
"179","44748","382","fluff","47344","4049","0","0","4","25","44","23","4",4.98,0.845998986828167,0.0855229807367354,0.000738317757009346,"0","0","0","0","0","3","0","0","0","0","0","1","0","0","0","0","0","0","0","0","1","0","0","0","0","0",3331.62683570485,0.0756975049554386
"180","44747","381","field","44578","3604","1","6","25","36","23","9","1",4.08,0.561477642348422,0.0808470546009242,0.0813084112149533,"0","0","0","1","1","1","0","0","1","0","0","1","0","0","0","0","0","0","0","0","0","0","0","0","0","0",389.118549235689,0.00880580219413901
"181","44746","380","sever","42645","3591","0","2","13","27","29","21","7",4.71,0.588945789404375,0.0842068237776996,0.000658878504672897,"0","0","0","0","2","0","0","0","0","0","0","0","0","0","0","0","0","1","1","0","0","1","0","0","0","0",-1756.25988049427,-0.0395542803339642
"182","44745","379","lilac","40486","3461","0","2","17","38","29","12","1",4.31,0.651174762585722,0.085486340957368,0.000602803738317757,"1","0","1","0","0","0","0","0","1","0","0","2","0","0","0","0","0","0","0","0","0","0","0","0","0","0",-4182.05310606331,-0.0936251485179603
"183","44744","378","egret","41765","3515","0","3","14","33","33","15","2",4.49,0.657582151304524,0.0841613791452173,0.0000976635514018692,"0","0","0","0","2","0","1","0","0","0","0","0","0","0","0","0","0","1","0","1","0","0","0","0","0","0",-3237.19013943307,-0.0719340576403745
"184","44743","377","pinto","47248","3792","0","5","25","41","22","6","1",4.02,0.618866090600574,0.0802573653911277,0.000616822429906542,"0","0","0","0","0","0","0","0","1","0","0","0","0","1","1","1","0","0","0","1","0","0","0","0","0","0",1838.99124135217,0.0404983788817443
"185","44742","376","hutch","44212","3758","0","1","12","28","28","21","9",4.79,0.584689579830105,0.0849995476341265,0.000514018691588785,"0","0","1","0","0","0","0","2","0","0","0","0","0","0","0","0","0","0","0","1","1","0","0","0","0","0",-1673.72557564853,-0.0364759531346885
"186","44741","375","gawky","45645","3957","0","1","5","22","33","28","10",5.08,0.724059324062542,0.0866907656917516,0.0000379906542056075,"1","0","0","0","0","0","1","0","0","0","1","0","0","0","0","0","0","0","0","0","0","0","1","0","1","0",-777.421994294869,-0.0167466918117803
"187","44740","374","droll","47312","3844","0","2","16","31","31","17","3",4.54,0.620763738508959,0.0812478863713223,0.000177570093457944,"0","0","0","1","0","0","0","0","0","0","0","2","0","0","1","0","0","1","0","0","0","0","0","0","0","0",307.73788929345,0.00654702096096418
"188","44739","373","retro","47986","3848","0","6","24","35","24","9","1",4.05,0.560667119641966,0.0801900554328346,0.00250934579439252,"0","0","0","0","1","0","0","0","0","0","0","0","0","0","1","0","0","2","0","1","0","0","0","0","0","0",371.667683398147,0.0078057942916603
"189","44738","372","rusty","50450","3954","0","9","37","34","13","5","1",3.67,0.533443441014982,0.0783746283448959,0.0019018691588785,"0","0","0","0","0","0","0","0","0","0","0","0","0","0","0","0","0","1","1","1","1","0","0","0","1","0",2213.51114699839,0.0458887286291496
"190","44737","371","beady","46089","3670","0","3","19","39","29","10","1",4.31,0.655206256147816,0.0796285447720714,0.000141121495327103,"1","1","0","1","1","0","0","0","0","0","0","0","0","0","0","0","0","0","0","0","0","0","0","0","1","0",-2768.60994147241,-0.0566669131950782
"191","44736","370","smite","50617","3991","0","6","23","35","24","11","2",4.21,0.549800829738327,0.078847027678448,0.000397663551401869,"0","0","0","0","1","0","0","0","1","0","0","0","1","0","0","0","0","0","1","1","0","0","0","0","0","0",1148.07467683844,0.0232079971282681
"192","44735","369","brink","53111","4118","0","4","22","41","24","7","1",4.07,0.630672354751355,0.0775357270621905,0.00151401869158878,"0","1","0","0","0","0","0","0","1","0","1","0","0","1","0","0","0","1","0","0","0","0","0","0","0","0",3044.69207625416,0.060813193593013
"193","44734","368","awful","47645","3861","0","5","21","33","27","12","2",4.26,0.565285431483617,0.0810368349249659,0.0134579439252336,"1","0","0","0","0","1","0","0","0","0","0","1","0","0","0","0","0","0","0","0","1","0","1","0","0","0",-3004.6101678723,-0.0593214865408414
"194","44733","367","gloat","53342","4194","0","8","21","31","26","12","2",4.19,0.529163760771924,0.0786247234824341,0.000194859813084112,"1","0","0","0","0","0","1","0","0","0","0","1","0","0","1","0","0","0","0","1","0","0","0","0","0","0",2120.68894821958,0.0414024730072945
"195","44732","366","input","50484","3950","0","5","30","38","21","6","1",4,0.589022596381174,0.0782426115204817,0.0104672897196262,"0","0","0","0","0","0","0","0","1","0","0","0","0","1","0","1","0","0","0","1","1","0","0","0","0","0",-1300.84366462247,-0.0251201620506418
"196","44731","365","loser","55359","4399","1","10","28","32","19","8","2",3.9,0.476749909481351,0.0794631405914124,0.00476635514018692,"0","0","0","0","1","0","0","0","0","0","0","1","0","0","1","0","0","1","1","0","0","0","0","0","0","0",3015.94178868847,0.0576187538854333
"197","44730","364","cacao","47205","4101","0","1","9","27","36","23","4",4.83,0.722241880074351,0.0868763902129012,0.000338317757009346,"2","0","2","0","0","0","0","0","0","0","0","0","0","0","1","0","0","0","0","0","0","0","0","0","0","0",-5692.21451346596,-0.107608965156698
"198","44729","363","blown","54665","4251","0","6","23","35","26","10","1",4.18,0.578697223244138,0.0777645659928656,0.00757009345794393,"0","1","0","0","0","0","0","0","0","0","0","1","0","1","1","0","0","0","0","0","0","0","1","0","0","0",1218.21686270885,0.022793081102366
"199","44728","362","apron","53430","4112","0","7","30","38","19","5","1",3.88,0.575437721589897,0.0769605090772974,0.00107009345794393,"1","0","0","0","0","0","0","0","0","0","0","0","0","1","1","1","0","1","0","0","0","0","0","0","0","0",-560.056873582143,-0.0103733336472217
"200","44727","361","primo","55989","4391","0","3","22","38","25","10","2",4.23,0.596597495325426,0.0784261194163139,0.000456542056074766,"0","0","0","0","0","0","0","0","1","0","0","0","1","0","1","1","0","1","0","0","0","0","0","0","0","0",1463.75310463945,0.0268454191037143
"201","44726","360","atone","59968","4762","2","16","34","29","14","4","1",3.53,0.4584705422328,0.0794090181430096,0.000338317757009346,"1","0","0","0","1","0","0","0","0","0","0","0","0","1","1","0","0","0","0","1","0","0","0","0","0","0",4916.43908850532,0.0893060797387632
"202","44725","359","donor","53802","4142","0","3","27","38","23","7","1",4.03,0.599134296098884,0.076985985651091,0.00388785046728972,"0","0","0","1","0","0","0","0","0","0","0","0","0","1","2","0","0","1","0","0","0","0","0","0","0","0",-1767.7842760315,-0.0318119693834044
"203","44724","358","float","56684","4323","1","12","30","32","18","6","1",3.76,0.488354867069507,0.076264907204855,0.00407009345794393,"1","0","0","0","0","1","0","0","0","0","0","1","0","0","1","0","0","0","0","1","0","0","0","0","0","0",601.921684336252,0.0107328705071926
"204","44723","357","goose","51958","4087","0","2","12","28","32","21","5",4.73,0.640256644970258,0.0786596866700027,0.00323364485981308,"0","0","0","0","1","0","1","0","0","0","0","0","0","0","2","0","0","0","1","0","0","0","0","0","0","0",-4633.06555125015,-0.0818692050789243
"205","44722","356","piety","55376","4324","0","4","25","41","22","7","1",4.06,0.618465843842649,0.0780843686795724,0.000574766355140187,"0","0","0","0","1","0","0","0","1","0","0","0","0","0","0","1","0","0","0","1","0","0","0","0","1","0",-1722.56230036113,-0.0301682254502271
"206","44721","355","girth","60020","4665","0","6","23","33","23","12","3",4.21,0.514115051048193,0.0777240919693436,0.000388785046728972,"0","0","0","0","0","0","1","1","1","0","0","0","0","0","0","0","0","1","0","1","0","0","0","0","0","0",2415.57385448256,0.0419338237721604
"207","44720","354","trait","61026","4607","0","6","22","35","24","11","2",4.18,0.549111836991163,0.0754924130698391,0.00228971962616822,"1","0","0","0","0","0","0","0","1","0","0","0","0","0","0","0","0","1","0","2","0","0","0","0","0","0",2920.09962821433,0.0502547866831135
"208","44719","353","flood","58991","4440","0","3","20","40","28","8","1",4.21,0.656618320676189,0.0752657184994321,0.0102336448598131,"0","0","0","1","0","1","0","0","0","0","0","1","0","0","2","0","0","0","0","0","0","0","0","0","0","0",393.326700463193,0.00671232624634435
"209","44718","352","gloom","58478","4548","0","2","14","35","35","13","1",4.46,0.703816128585544,0.0777728376483464,0.000953271028037383,"0","0","0","0","0","0","1","0","0","0","0","1","1","0","2","0","0","0","0","0","0","0","0","0","0","0",-594.658428170864,-0.0100665594539636
"210","44717","351","depth","56738","4329","0","6","28","39","20","6","1",3.95,0.585828676402272,0.0762980718389792,0.016588785046729,"0","0","0","1","1","0","0","1","0","0","0","0","0","0","0","1","0","0","0","1","0","0","0","0","0","0",-2785.44173555715,-0.0467957103006903
"211","44716","350","froth","58263","4432","0","5","22","35","25","11","1",4.14,0.571560103909425,0.0760688601685461,0.000262616822429907,"0","0","0","0","0","1","0","1","0","0","0","0","0","0","1","0","0","1","0","1","0","0","0","0","0","0",-1681.19617070845,-0.028046020767728
"212","44715","349","peach","65431","4957","1","13","38","32","13","3","0",3.52,0.530808009413143,0.0757591967110391,0.00275233644859813,"1","0","1","0","1","0","0","1","0","0","0","0","0","0","0","1","0","0","0","0","0","0","0","0","0","0",5098.20160032921,0.0845013282254288
"213","44714","348","showy","61278","4770","0","2","16","37","30","13","2",4.42,0.64672066539397,0.0778419661216097,0.000288317757009346,"0","0","0","0","0","0","0","1","0","0","0","0","0","0","1","0","0","0","1","0","0","0","1","0","1","0",585.288237764944,0.00964346823153697
"214","44713","347","creak","63241","4797","0","5","21","32","25","14","3",4.31,0.53288076036005,0.0758526905014152,0.000154672897196262,"1","0","1","0","1","0","0","0","0","0","1","0","0","0","0","0","0","1","0","0","0","0","0","0","0","0",2206.95566149423,0.0361594202942551
"215","44712","346","manor","62768","4802","0","6","27","34","21","10","2",4.08,0.520279229059239,0.0765039510578639,0.00301869158878505,"1","0","0","0","0","0","0","0","0","0","0","0","1","1","1","0","0","1","0","0","0","0","0","0","0","0",1394.67519056635,0.0227244522746138
"216","44711","345","atoll","60969","4741","0","6","28","36","21","8","1",4,0.554629863705774,0.0777608292738933,0.000330841121495327,"1","0","0","0","0","0","0","0","0","0","0","2","0","0","1","0","0","0","0","1","0","0","0","0","0","0",-762.664900357922,-0.0123545169499146
"217","44710","344","bayou","56839","4435","0","6","17","33","29","13","2",4.32,0.588974087876942,0.0780274107566988,0.000644859813084112,"1","1","0","0","0","0","0","0","0","0","0","0","0","0","1","0","0","0","0","0","1","0","0","0","1","0",-5292.61511077166,-0.0851839293302724
"218","44709","343","crept","60069","4562","0","4","27","38","22","7","1",4,0.588569694865685,0.075945995438579,0.000658878504672897,"0","0","1","0","1","0","0","0","0","0","0","0","0","0","0","1","0","1","0","1","0","0","0","0","0","0",-2524.29443668747,-0.0403285121737884
"219","44708","342","tiara","63846","4842","0","8","36","33","17","6","1",3.84,0.529919131296735,0.0758387369608119,0.000446261682242991,"2","0","0","0","0","0","0","0","1","0","0","0","0","0","0","0","0","1","0","1","0","0","0","0","0","0",715.251973553015,0.0113296926761169
"220","44707","341","asset","63188","4733","0","7","28","34","21","8","1",3.94,0.531498331314856,0.0749034626827879,0.00794392523364486,"1","0","0","0","1","0","0","0","0","0","0","0","0","0","0","0","0","0","2","1","0","0","0","0","0","0",-561.450909737541,-0.0088071489514866
"221","44706","340","vouch","62723","4835","0","2","9","25","33","24","6",4.82,0.67430034285988,0.0770849608596528,0.000630841121495327,"0","0","1","0","0","0","0","1","0","0","0","0","0","0","1","0","0","0","0","0","1","1","0","0","0","0",-1722.49989305225,-0.0267280088743318
"222","44705","339","album","63380","4809","0","5","26","35","24","9","1",4.09,0.566446736032528,0.0758756705585358,0.0490654205607477,"1","1","0","0","0","0","0","0","0","0","0","1","1","0","0","0","0","0","0","0","1","0","0","0","0","0",-1826.80682309753,-0.0280155847541124
"223","44704","338","hinge","66431","4906","0","5","25","37","22","9","2",4.11,0.558411863702599,0.0738510635095061,0.000976635514018692,"0","0","0","0","1","0","1","1","1","0","0","0","0","1","0","0","0","0","0","0","0","0","0","0","0","0",415.16875406311,0.0062889271592511
"224","44703","337","money","67909","4928","1","7","26","36","21","8","1",3.97,0.545885039353962,0.0725677008938432,0.204205607476636,"0","0","0","0","1","0","0","0","0","0","0","0","1","1","1","0","0","0","0","0","0","0","0","0","1","0",1055.58162144614,0.0157894935973051
"225","44702","336","scrap","66814","4973","1","9","28","34","20","8","1",3.94,0.517259260774655,0.0744305085760469,0.00371028037383178,"1","0","1","0","0","0","0","0","0","0","0","0","0","0","0","1","0","1","1","0","0","0","0","0","0","0",-888.794796342569,-0.0131278893141141
"226","44701","335","gamer","69884","5238","1","4","17","28","26","18","6",4.52,0.522042691193519,0.0749527788907332,0.00194859813084112,"1","0","0","0","1","0","1","0","0","0","0","0","1","0","0","0","0","1","0","0","0","0","0","0","0","0",1331.17532590564,0.0194182418045377
"227","44700","334","glass","70920","5162","0","4","19","33","27","14","3",4.37,0.565357030051428,0.0727862380146644,0.0330841121495327,"1","0","0","0","0","0","1","0","0","0","0","1","0","0","0","0","0","0","2","0","0","0","0","0","0","0",1520.10389279801,0.0219035470953718
"228","44699","333","scour","73933","5544","0","8","34","35","17","5","1",3.8,0.544754204074776,0.0749868123841857,0.000435981308411215,"0","0","1","0","0","0","0","0","0","0","0","0","0","0","1","0","0","1","1","0","1","0","0","0","0","0",3685.14679083327,0.0524592086801649
"229","44698","332","being","70722","5142","0","4","22","37","26","10","1",4.19,0.602672619018224,0.0727072198184441,0.416355140186916,"0","1","0","0","1","0","1","0","1","0","0","0","0","1","0","0","0","0","0","0","0","0","0","0","0","0",-384.214915847595,-0.005403394292641
"230","44697","331","delve","68349","5179","0","2","14","32","33","16","2",4.49,0.658291439293888,0.0757728715855389,0.000644859813084112,"0","0","0","1","2","0","0","0","0","0","0","1","0","0","0","0","0","0","0","0","0","1","0","0","0","0",-3638.30837433771,-0.0505409697417539
"231","44696","330","yield","67115","4963","0","4","16","29","29","18","4",4.53,0.577082151451428,0.073947701706027,0.00677570093457944,"0","0","0","1","1","0","0","0","1","0","0","1","0","0","0","0","0","0","0","0","0","0","0","0","1","0",-5788.30200729586,-0.0793969799436052
"232","44695","329","metal","73225","5290","1","10","31","34","18","7","1",3.89,0.513837105928106,0.0722430863776033,0.0308878504672897,"1","0","0","0","1","0","0","0","0","0","0","1","1","0","0","0","0","0","0","1","0","0","0","0","0","0",-639.170201622546,-0.00865331865067789
"233","44694","328","tipsy","77585","5522","0","6","33","38","17","5","1",3.85,0.578042674318543,0.0711735515885803,0.000346261682242991,"0","0","0","0","0","0","0","0","1","0","0","0","0","0","0","1","0","0","1","1","0","0","0","0","1","0",2708.02403118156,0.0361663114214078
"234","44693","327","slung","75673","5419","0","2","16","37","31","13","2",4.47,0.658088863589829,0.0716107462370991,0.000330841121495327,"0","0","0","0","0","0","1","0","0","0","0","1","0","1","0","0","0","0","1","0","1","0","0","0","0","0",-273.338670811499,-0.00359910267690827
"235","44692","326","farce","79446","5688","0","9","26","32","21","9","1",3.9,0.500889684651697,0.0715958009213806,0.001,"1","0","1","0","1","1","0","0","0","0","0","0","0","0","0","0","0","1","0","0","0","0","0","0","0","0",2370.8730453231,0.0307605467418466
"236","44691","325","gecko","74412","5489","0","2","16","38","29","12","2",4.35,0.642869312054132,0.0737649841423426,0.000379906542056075,"0","0","1","0","1","0","1","0","0","0","1","0","0","0","1","0","0","0","0","0","0","0","0","0","0","0",-3852.52872417611,-0.0492244543853754
"237","44690","324","shine","88932","6146","1","14","32","30","17","6","1",3.73,0.467179989786745,0.0691089821436603,0.00691588785046729,"0","0","0","0","1","0","0","1","1","0","0","0","0","1","0","0","0","0","1","0","0","0","0","0","0","0",9418.96059880365,0.118458062598748
"238","44689","323","canny","72518","5256","0","2","10","30","34","20","4",4.72,0.677909953284287,0.0724785570479053,0.000362616822429907,"1","0","1","0","0","0","0","0","0","0","0","0","0","2","0","0","0","0","0","0","0","0","0","0","1","0",-8296.8488230995,-0.102664905570274
"239","44688","322","midst","74458","5233","0","3","25","39","24","9","1",4.18,0.611029576090342,0.0702812323726127,0.00362616822429907,"0","0","0","1","0","0","0","0","1","0","0","0","1","0","0","0","0","0","1","1","0","0","0","0","0","0",-7700.71649632898,-0.0937297565581257
"240","44687","321","badge","76292","5482","0","4","20","35","26","12","2",4.24,0.575350824652726,0.0718555025428616,0.00490654205607477,"1","1","0","1","1","0","1","0","0","0","0","0","0","0","0","0","0","0","0","0","0","0","0","0","0","0",-7236.51007948587,-0.0866352108112499
"241","44686","320","homer","85979","6313","0","3","16","26","24","19","12",4.76,0.503984126734166,0.0734249060817176,0.00362616822429907,"0","0","0","0","1","0","0","1","0","0","0","0","1","0","1","0","0","1","0","0","0","0","0","0","0","0",1073.02691850021,0.0126378260510628
"242","44685","319","train","107750","7243","6","26","32","22","10","3","0",3.1,0.382871357234354,0.0672204176334107,0.0426168224299065,"1","0","0","0","0","0","0","0","1","0","0","0","0","1","0","0","0","1","0","1","0","0","0","0","0","0",21475.0427682407,0.248913977558431
"243","44684","318","hairy","85817","5941","1","8","24","33","23","10","1",4.03,0.525003401349526,0.0692287075987275,0.00294859813084112,"1","0","0","0","0","0","0","1","1","0","0","0","0","0","0","0","0","1","0","0","0","0","0","0","1","0",-1808.63982800921,-0.0206405320584157
"244","44683","317","story","95643","6530","1","10","23","29","24","11","2",4.06,0.483425278610873,0.0682747299854668,0.131775700934579,"0","0","0","0","0","0","0","0","0","0","0","0","0","0","1","0","0","1","1","1","0","0","0","0","1","0",6686.05269922431,0.0751605456583154
"245","44682","316","forgo","77658","5699","0","1","9","26","37","23","3",4.77,0.738860125946911,0.0733858713847897,0.000456542056074766,"0","0","0","0","0","1","1","0","0","0","0","0","0","0","2","0","0","1","0","0","0","0","0","0","0","0",-12618.1835940748,-0.13977311724665
"246","44681","315","larva","77991","5749","0","2","10","25","35","23","4",4.75,0.696860305738737,0.0737136336243926,0.000456542056074766,"2","0","0","0","0","0","0","0","0","0","0","1","0","0","0","0","0","1","0","0","0","1","0","0","0","0",-13605.1379915615,-0.148533969770809
"247","44680","314","trash","106652","7001","2","19","34","27","13","4","1",3.46,0.433276553056557,0.065643400967633,0.0122897196261682,"1","0","0","0","0","0","0","1","0","0","0","0","0","0","0","0","0","1","1","1","0","0","0","0","0","0",13721.0554018949,0.147647863273464
"248","44679","313","zesty","88974","6315","0","2","12","27","30","22","7",4.79,0.61269506126232,0.0709757906804235,0.000120093457943925,"0","0","0","0","1","0","0","0","0","0","0","0","0","0","0","0","0","0","1","1","0","0","0","0","1","1",-5318.43642580917,-0.0564036377402741
"249","44678","312","shown","98967","6564","0","6","26","36","22","8","1",3.99,0.557882902886738,0.0663251386825912,0.0371028037383178,"0","0","0","0","0","0","0","1","0","0","0","0","0","1","1","0","0","0","1","0","0","0","1","0","0","0",3278.85236497156,0.0342660240166597
"250","44677","311","heist","103153","6830","1","13","32","31","16","6","1",3.7,0.473583099762811,0.0662123253807451,0.00114485981308411,"0","0","0","0","1","0","0","1","1","0","0","0","0","0","0","0","0","0","1","1","0","0","0","0","0","0",6031.67182818326,0.0621045031170977
"251","44676","310","askew","91548","6549","0","3","13","29","32","19","4",4.63,0.62940258900613,0.0715362432822126,0.000245327102803738,"1","0","0","0","1","0","0","0","0","0","1","0","0","0","0","0","0","0","1","0","0","0","1","0","0","0",-7044.3354077548,-0.0714491180132926
"252","44675","309","inert","97452","6743","0","7","27","34","22","9","1",4.02,0.535905997442871,0.0691930386241432,0.000574766355140187,"0","0","0","0","1","0","0","0","1","0","0","0","0","1","0","0","0","1","0","1","0","0","0","0","0","0",-2648.43683605407,-0.0264577949883647
"253","44674","308","olive","95562","6482","1","6","25","34","23","10","1",4.06,0.541479454827235,0.0678303091186873,0.00574766355140187,"0","0","0","0","1","0","0","0","1","0","0","1","0","0","1","0","0","0","0","0","0","1","0","0","0","0",-6082.99088097969,-0.0598454565075668
"254","44673","307","plant","119232","7731","2","19","39","28","10","3","0",3.37,0.487867077915989,0.0648399758454106,0.0362616822429907,"1","0","0","0","0","0","0","0","0","0","0","1","0","1","0","1","0","0","0","1","0","0","0","0","0","0",16006.3213222338,0.155061429745595
"255","44672","306","oxide","97955","6960","0","2","11","30","33","21","4",4.76,0.671093634798205,0.0710530345566842,0.00213551401869159,"0","0","0","1","1","0","0","0","1","0","0","0","0","0","1","0","0","0","0","0","0","0","0","1","0","0",-6886.75280605267,-0.0656871200807994
"256","44671","305","cargo","102007","6796","0","5","20","34","27","12","2",4.27,0.573788578949889,0.0666228788220416,0.00724299065420561,"1","0","1","0","0","0","1","0","0","0","0","0","0","0","1","0","0","1","0","0","0","0","0","0","0","0",-4483.74374965132,-0.0421045397165422
"257","44670","304","foyer","108899","8198","0","2","10","19","19","23","26",5.25,0.689323339708345,0.0752807647453145,0.000574766355140187,"0","0","0","0","1","1","0","0","0","0","0","0","0","0","1","0","0","1","0","0","0","0","0","0","1","0",731.681726883122,0.00676435117893617
"258","44669","303","flair","112383","7341","1","8","30","36","18","6","1",3.84,0.539642738961886,0.0653212674514829,0.0016214953271028,"1","0","0","0","0","1","0","0","1","0","0","1","0","0","0","0","0","1","0","0","0","0","0","0","0","0",2520.32314041155,0.0229406674992335
"259","44668","302","ample","106681","7008","0","4","20","35","27","11","2",4.23,0.584233319341315,0.0656911727486619,0.00239719626168224,"1","0","0","0","1","0","0","0","0","0","0","1","1","0","0","1","0","0","0","0","0","0","0","0","0","0",-4883.91516754118,-0.0437764431605297
"260","44667","301","cheek","107987","7035","0","3","19","40","28","9","1",4.24,0.655333430218469,0.0651467306249826,0.00426168224299065,"0","0","1","0","2","0","0","1","0","0","1","0","0","0","0","0","0","0","0","0","0","0","0","0","0","0",-5273.24103829892,-0.0465586245442986
"261","44666","300","shame","129991","8522","1","11","22","25","21","15","5",4.19,0.410504915578712,0.0655583848112562,0.016588785046729,"1","0","0","0","1","0","0","1","0","0","0","0","1","0","0","0","0","0","1","0","0","0","0","0","0","0",15056.1254105499,0.130997014303367
"262","44665","299","mince","113448","7356","0","6","24","35","24","10","1",4.11,0.560437754073078,0.0648402792468796,0.000490654205607477,"0","0","1","0","1","0","0","0","1","0","0","0","1","1","0","0","0","0","0","0","0","0","0","0","0","0",-3129.26696530901,-0.0268428575036007
"263","44664","298","chunk","123255","7835","1","4","29","42","18","5","1",3.91,0.620038401268517,0.0635674009167985,0.00204205607476635,"0","0","1","0","0","0","0","1","0","0","1","0","0","1","0","0","0","0","0","0","1","0","0","0","0","0",5074.35185140895,0.0429372484489073
"264","44663","297","royal","114907","7275","1","5","24","36","23","9","1",4.03,0.562875271644235,0.063312069760763,0.0330841121495327,"1","0","0","0","0","0","0","0","0","0","0","1","0","0","1","0","0","1","0","0","0","0","0","0","1","0",-4838.71939186759,-0.0404082869637527
"265","44662","296","squad","109828","7236","0","3","20","33","27","14","2",4.31,0.577346145244403,0.0658848381105001,0.0218691588785047,"1","0","0","1","0","0","0","0","0","0","0","0","0","0","0","0","1","0","1","0","1","0","0","0","0","0",-11455.4528767755,-0.0944519025890059
"266","44661","295","black","126241","7894","1","10","31","34","18","6","1",3.83,0.51696918946601,0.0625311903422818,0.134579439252336,"1","1","1","0","0","0","0","0","0","0","1","1","0","0","0","0","0","0","0","0","0","0","0","0","0","0",3423.4690435051,0.0278744330458636
"267","44660","294","stair","134210","8537","2","21","36","26","11","4","1",3.42,0.431834403887593,0.0636092690559571,0.000850467289719626,"1","0","0","0","0","0","0","0","1","0","0","0","0","0","0","0","0","1","1","1","0","0","0","0","0","0",9824.77332504008,0.0789866577219327
"268","44659","293","scare","141158","9010","1","12","23","26","21","13","4",4.09,0.411292967070803,0.0638291843182816,0.00546728971962617,"1","0","1","0","1","0","0","0","0","0","0","0","0","0","0","0","0","1","1","0","0","0","0","0","0","0",15122.5189772929,0.119986204317881
"269","44658","292","foray","117761","7575","0","2","14","31","31","19","4",4.67,0.629886611111193,0.0643252010427901,0.000514018691588785,"1","0","0","0","0","1","0","0","0","0","0","0","0","0","1","0","0","1","0","0","0","0","0","0","1","0",-10062.1126681126,-0.0787190396015346
"270","44657","291","comma","117856","7560","0","2","13","33","33","17","3",4.63,0.663411098576355,0.0641460765680152,0.000869158878504673,"1","0","1","0","0","0","0","0","0","0","0","0","2","0","1","0","0","0","0","0","0","0","0","0","0","0",-11943.2220001423,-0.0920130476600945
"271","44656","290","natal","121356","7702","0","2","14","32","32","17","3",4.57,0.64256554233049,0.06346616566136,0.00120093457943925,"2","0","0","0","0","0","0","0","0","0","0","1","0","1","0","0","0","0","0","1","0","0","0","0","0","0",-10643.6262828289,-0.0806337607352263
"272","44655","289","shawl","129651","7943","0","3","16","31","30","16","3",4.45,0.59977376687262,0.0612644715428342,0.000691588785046729,"1","0","0","0","0","0","0","1","0","0","0","1","0","0","0","0","0","0","1","0","0","0","1","0","0","0",-4783.06170526237,-0.0355792397000465
"273","44654","288","fewer","124532","7931","0","2","10","24","32","26","6",4.88,0.680825829066296,0.063686442038994,0.00953271028037383,"0","0","0","0","2","1","0","0","0","0","0","0","0","0","0","0","0","1","0","0","0","0","1","0","0","0",-12547.6203680072,-0.0915352722331852
"274","44653","287","trope","155079","9315","1","16","33","28","15","6","1",3.62,0.440064930274094,0.0600661598282166,0.000588785046728972,"0","0","0","0","1","0","0","0","0","0","0","0","0","0","1","1","0","1","0","1","0","0","0","0","0","0",15198.2608226711,0.108651562123961
"275","44652","286","snout","144648","8913","1","4","19","27","26","18","5",4.47,0.519981684659135,0.061618549858968,0.000560747663551402,"0","0","0","0","0","0","0","0","0","0","0","0","0","1","1","0","0","0","1","1","1","0","0","0","0","0",1891.5256061801,0.0132500162546883
"276","44651","285","lowly","135219","8469","0","2","9","26","32","24","8",4.95,0.658653026656531,0.0626317307478979,0.000869158878504673,"0","0","0","0","0","0","0","0","0","0","0","2","0","0","1","0","0","0","0","0","0","0","1","0","1","0",-10394.9166551023,-0.0713868350902437
"277","44650","284","stove","158139","9318","0","5","16","24","27","21","6",4.57,0.542362556651123,0.0589228463566862,0.00239719626168224,"0","0","0","0","1","0","0","0","0","0","0","0","0","0","1","0","0","0","1","1","0","1","0","0","0","0",9774.2296683465,0.0658797209505818
"278","44649","283","shall","149070","8494","0","3","17","30","28","17","4",4.47,0.566875311728795,0.0569799423089824,0.05,"1","0","0","0","0","0","0","1","0","0","0","2","0","0","0","0","0","0","1","0","0","0","0","0","0","0",-1871.71186180657,-0.0124002294575816
"279","44648","282","found","173696","10613","1","6","17","22","20","21","14",4.76,0.476130234284697,0.0611010040530582,0.223831775700935,"0","0","0","1","0","1","0","0","0","0","0","0","0","1","1","0","0","0","0","0","1","0","0","0","0","0",20384.8930261983,0.132964228284398
"280","44647","281","nymph","165468","9935","1","2","18","44","26","26","9",5.84,0.711708206660968,0.0600418207750139,0.000346261682242991,"0","0","0","0","0","0","0","1","0","0","0","0","1","1","0","1","0","0","0","0","0","0","0","0","1","0",9988.1556829258,0.0642408392341627
"281","44646","280","epoxy","149507","9376","0","2","13","31","33","18","3",4.61,0.656795974699109,0.0627127826790719,0.000588785046728972,"0","0","0","0","1","0","0","0","0","0","0","0","0","0","1","1","0","0","0","0","0","0","0","1","1","0",-7987.9854683422,-0.0507189828589676
"282","44645","279","depot","150197","8562","0","5","29","36","20","7","1",3.9,0.555119034853916,0.0570051332583207,0.00416355140186916,"0","0","0","1","1","0","0","0","0","0","0","0","0","0","1","1","0","0","0","1","0","0","0","0","0","0",-9239.5708875022,-0.0579513899230911
"283","44644","278","chest","169066","9318","1","14","35","31","14","5","1",3.65,0.483095179422184,0.0551145706410514,0.0154672897196262,"0","0","1","0","1","0","0","1","0","0","0","0","0","0","0","0","0","0","1","1","0","0","0","0","0","0",7661.29522739269,0.0474663687045938
"284","44643","277","purge","156785","8555","1","4","22","35","26","11","2",4.25,0.572559000910657,0.0545651688618171,0.00173831775700935,"0","0","0","0","1","0","1","0","0","0","0","0","0","0","0","1","0","1","0","0","1","0","0","0","0","0",-6718.23322527524,-0.0410892989254765
"285","44642","276","slosh","160161","8807","0","2","19","36","27","13","2",4.32,0.603399101913879,0.0549884179044836,0.0000588785046728972,"0","0","0","0","0","0","0","1","0","0","0","1","0","0","1","0","0","0","2","0","0","0","0","0","0","0",-5661.71287200405,-0.0341431687731115
"286","44641","275","their","173636","9200","2","14","36","30","13","4","0",3.47,0.490776838045465,0.0529844041558202,1,"0","0","0","0","1","0","0","1","1","0","0","0","0","0","0","0","0","1","0","1","0","0","0","0","0","0",5210.48191801968,0.0309364161521148
"287","44640","274","renew","154987","8417","0","4","20","33","27","13","2",4.27,0.570759727614577,0.0543077806525709,0.00250934579439252,"0","0","0","0","2","0","0","0","0","0","0","0","0","1","0","0","0","1","0","0","0","0","1","0","0","0",-16349.1073349982,-0.0954212605229337
"288","44639","273","allow","156311","8515","0","5","21","32","26","14","3",4.36,0.543038190360932,0.0544747330642117,0.0476635514018692,"1","0","0","0","0","0","0","0","0","0","0","2","0","0","1","0","0","0","0","0","0","0","1","0","0","0",-18227.3767773133,-0.104431914137536
"289","44638","272","saute","179830","9304","1","8","31","34","19","6","1",3.84,0.527681361285027,0.0517377523216371,0.000134579439252336,"1","0","0","0","1","0","0","0","0","0","0","0","0","0","0","0","0","0","1","1","1","0","0","0","0","0",1849.09945411782,0.0103893139569835
"290","44637","271","movie","169071","8847","1","5","18","30","26","16","3",4.32,0.537175151004905,0.0523271288393633,0.0677570093457944,"0","0","0","0","1","0","0","0","1","0","0","0","1","0","1","0","0","0","0","0","0","1","0","0","0","0",-12517.9812195367,-0.0689357974006293
"291","44636","270","cater","217856","11234","1","7","19","22","19","18","15",4.68,0.439978354445935,0.0515661721504113,0.0016588785046729,"1","0","1","0","1","0","0","0","0","0","0","0","0","0","0","0","0","1","0","1","0","0","0","0","0","0",32575.4425798518,0.175816842487054
"292","44635","269","tease","202855","10024","1","16","32","30","16","6","1",3.72,0.458564011214304,0.0494146064923221,0.00181775700934579,"1","0","0","0","2","0","0","0","0","0","0","0","0","0","0","0","0","0","1","1","0","0","0","0","0","0",13872.8121564907,0.073408040804239
"293","44634","268","smelt","185406","9373","0","5","19","33","28","13","2",4.31,0.579018052190003,0.0505539195063806,0.000456542056074766,"0","0","0","0","1","0","0","0","0","0","0","1","1","0","0","0","0","0","1","1","0","0","0","0","0","0",-7235.46461559259,-0.0375592276046625
"294","44633","267","focus","179436","8937","1","4","23","36","24","10","1",4.09,0.573203196747807,0.0498060589848191,0.0467289719626168,"0","0","1","0","0","1","0","0","0","0","0","0","0","0","1","0","0","0","1","0","1","0","0","0","0","0",-16797.5156248986,-0.0855996264012676
"295","44632","266","today","192049","9353","1","7","29","35","20","7","1",3.91,0.537569486095474,0.0487011127368536,0.16588785046729,"1","0","0","1","0","0","0","0","0","0","0","0","0","0","1","0","0","0","0","1","0","0","0","0","1","0",-7712.16602643009,-0.0386069333686694
"296","44631","265","watch","226349","12400","1","6","14","18","17","24","20",4.96,0.570217168320649,0.0547826586377673,0.102336448598131,"1","0","1","0","0","0","0","1","0","0","0","0","0","0","0","0","0","0","0","1","0","0","1","0","0","0",23098.8867880957,0.113647596171389
"297","44630","264","lapse","208884","9960","0","8","31","34","19","7","1",3.89,0.526335037242032,0.0476819670247602,0.00144392523364486,"1","0","0","0","1","0","0","0","0","0","0","1","0","0","0","1","0","0","1","0","0","0","0","0","0","0",2143.13865204828,0.0103663041649096
"298","44629","263","month","201799","9435","1","5","26","37","22","8","1",4.02,0.569439992239661,0.046754443778215,0.0831775700934579,"0","0","0","0","0","0","0","1","0","0","0","0","1","1","1","0","0","0","0","1","0","0","0","0","0","0",-8480.83060593117,-0.0403311652929017
"299","44628","262","sweet","207473","9767","1","5","18","31","28","15","2",4.33,0.570158708063774,0.0470760050705393,0.0379906542056075,"0","0","0","0","2","0","0","0","0","0","0","0","0","0","0","0","0","0","1","1","0","0","1","0","0","0",-6437.62592509977,-0.0300949328592675
"300","44627","261","hoard","218595","9823","1","9","30","34","19","7","1",3.89,0.518679642388798,0.0449369839200348,0.000794392523364486,"1","0","0","1","0","0","0","1","0","0","0","0","0","0","1","0","0","1","0","0","0","0","0","0","0","0",928.104205444688,0.00426387394397666
"301","44626","260","cloth","218595","9911","1","8","33","34","17","7","1",3.86,0.521326147800925,0.0453395548846039,0.005,"0","0","1","0","0","0","0","1","0","0","0","1","0","0","1","0","0","0","0","1","0","0","0","0","0","0",-2972.43751777106,-0.0134154980130266
"302","44625","259","brine","229895","10405","1","9","25","29","22","12","3",4.13,0.461230238962422,0.0452597925139738,0.000546728971962617,"0","1","0","0","1","0","0","0","1","0","0","0","0","1","0","0","0","1","0","0","0","0","0","0","0","0",4280.60276105537,0.0189730922026304
"303","44624","258","ahead","203730","9396","1","5","20","35","26","12","2",4.27,0.570584495641677,0.0461198645265793,0.0476635514018692,"2","0","0","1","1","0","0","1","0","0","0","0","0","0","0","0","0","0","0","0","0","0","0","0","0","0",-26064.9655201811,-0.113427052073045
"304","44623","257","mourn","240018","10465","1","8","29","34","19","8","1",3.9,0.515936504029785,0.0436008965994217,0.00125700934579439,"0","0","0","0","0","0","0","0","0","0","0","0","1","1","1","0","0","1","0","0","1","0","0","0","0","0",5932.07922213082,0.0253414609576624
"305","44622","256","nasty","257304","10813","1","7","26","31","21","11","2",4.02,0.485587518471427,0.0420242203774524,0.00775700934579439,"1","0","0","0","0","0","0","0","0","0","0","0","0","1","0","0","0","0","1","1","0","0","0","0","1","0",18844.4504274054,0.0790257738101976
"306","44621","255","rupee","240137","10577","1","2","17","35","30","13","2",4.38,0.627052819222781,0.0440456905849578,0.000514018691588785,"0","0","0","0","2","0","0","0","0","0","0","0","0","0","0","1","0","1","0","0","1","0","0","0","0","0",-2751.38640585728,-0.0113277808238218
"307","44620","254","choke","251094","10521","1","8","30","36","18","6","1",3.84,0.539642738961886,0.0419006427871634,0.00245327102803738,"0","0","1","0","1","0","0","1","0","0","1","0","0","0","1","0","0","0","0","0","0","0","0","0","0","0",3747.19540950804,0.0151495606167701
"308","44619","253","chant","250413","10438","1","9","33","33","16","7","1",3.79,0.504031367126709,0.0416831394536226,0.00185981308411215,"1","0","1","0","0","0","0","1","0","0","0","0","0","1","0","0","0","0","0","1","0","0","0","0","0","0",-1395.24453091362,-0.00554090090859727
"309","44618","252","spill","248363","10087","1","5","26","34","22","10","2",4.09,0.527252537305643,0.0406139400796415,0.00323364485981308,"0","0","0","0","0","0","0","0","1","0","0","2","0","0","0","1","0","0","1","0","0","0","0","0","0","0",-7876.36025565758,-0.0307382919150247
"310","44617","251","vivid","255907","11687","1","2","10","29","33","21","4",4.7,0.667093910715939,0.0456689344175814,0.00262616822429907,"0","0","0","1","0","0","0","0","2","0","0","0","0","0","0","0","0","0","0","0","0","2","0","0","0","0",-4686.50066339865,-0.017983950679768
"311","44616","250","bloke","250674","10405","1","6","21","32","25","12","2",4.15,0.530713805037275,0.0415080941780959,0.0016588785046729,"0","1","0","0","1","0","0","0","0","0","1","1","0","0","1","0","0","0","0","0","0","0","0","0","0","0",-14132.9485426334,-0.0533707616828567
"312","44615","249","trove","277576","11411","1","5","16","24","25","22","8",4.68,0.524672233285651,0.0411094619131337,0.000514018691588785,"0","0","0","0","1","0","0","0","0","0","0","0","0","0","1","0","0","1","0","1","0","1","0","0","0","0",8775.46153531363,0.0326467409084692
"313","44614","248","thorn","306356","11814","1","14","38","30","12","4","0",3.47,0.502588537568495,0.0385629790178746,0.00141121495327103,"0","0","0","0","0","0","0","1","0","0","0","0","0","1","1","0","0","1","0","1","0","0","0","0","0","0",33868.2620886046,0.124292793313208
"314","44613","247","other","278731","10887","1","9","26","30","21","10","2",3.96,0.469533709931358,0.0390591645708586,0.677570093457944,"0","0","0","0","1","0","0","1","0","0","0","0","0","0","1","0","0","1","0","1","0","0","0","0","0","0",2942.69488095469,0.0106701220694781
"315","44612","246","tacit","273306","11094","1","4","21","32","26","14","3",4.35,0.544408809977348,0.0405918640644552,0.000407009345794393,"1","0","1","0","0","0","0","0","1","0","0","0","0","0","0","0","0","0","0","2","0","0","0","0","0","0",-5339.41600927233,-0.0191620450310751
"316","44611","245","swill","282327","11241","1","1","8","19","31","30","10",5.08,0.716655592383983,0.0398155330520992,0.0000976635514018692,"0","0","0","0","0","0","0","0","1","0","0","2","0","0","0","0","0","0","1","0","0","0","1","0","0","0",1284.43682590261,0.004570257299806
"317","44610","244","dodge","265238","10220","1","3","15","29","27","19","7",4.66,0.549510604776564,0.0385314321477315,0.00397663551401869,"0","0","0","2","1","0","1","0","0","0","0","0","0","0","1","0","0","0","0","0","0","0","0","0","0","0",-17778.8815077151,-0.0628191555676881
"318","44609","243","shake","342003","12767","1","6","16","23","24","21","9",4.62,0.494401995680978,0.0373300818998664,0.01,"1","0","0","0","1","0","0","1","0","0","1","0","0","0","0","0","0","0","1","0","0","0","0","0","0","0",57338.1019787998,0.201423155356968
"319","44608","242","caulk","289721","10740","1","4","20","31","26","15","3",4.34,0.541202365109392,0.0370701467964007,0.0000911214953271028,"1","0","1","0","0","0","0","0","0","0","1","1","0","0","0","0","0","0","0","0","1","0","0","0","0","0",3582.93615951831,0.0125217040733027
"320","44607","241","aroma","287836","10343","1","6","25","33","22","11","2",4.1,0.513674901822062,0.0359336566656012,0.000794392523364486,"2","0","0","0","0","0","0","0","0","0","0","0","1","0","1","0","0","1","0","0","0","0","0","0","0","0",209.217394813197,0.000727391910162902
"321","44606","240","cynic","261521","10343","1","6","25","33","22","11","2",4.1,0.513674901822062,0.039549405210289,0.000301869158878505,"0","0","2","0","0","0","0","0","1","0","0","0","0","1","0","0","0","0","0","0","0","0","0","0","1","0",-27813.3982713809,-0.0961289028803735
"322","44605","239","robin","277471","13249","1","6","29","34","21","8","1",3.96,0.53519021985512,0.0477491341437484,0.01,"0","1","0","0","0","0","0","0","1","0","0","0","0","1","1","0","0","1","0","0","0","0","0","0","0","0",-13974.3964551006,-0.0479485921722338
"323","44604","238","ultra","269885","9310","1","7","23","34","24","10","1",4.07,0.545265335148206,0.0344961742964596,0.00794392523364486,"1","0","0","0","0","0","0","0","0","0","0","1","0","0","0","0","0","1","0","1","1","0","0","0","0","0",-24208.9103246286,-0.0823169384837184
"324","44603","237","ulcer","278826","10631","1","4","18","30","28","16","3",4.4,0.562447881183332,0.0381277212311621,0.0005,"0","0","1","0","1","0","0","0","0","0","0","1","0","0","0","0","0","1","0","0","1","0","0","0","0","0",-18512.4412424382,-0.0622605041079902
"325","44602","236","pause","304830","13480","1","8","26","32","21","10","2",4.02,0.490912658316363,0.0442213692877998,0.00467289719626168,"1","0","0","0","1","0","0","0","0","0","0","0","0","0","0","1","0","0","1","0","1","0","0","0","0","0",3682.67409042979,0.0122288121911985
"326","44601","235","humor","305372","13846","1","5","22","34","25","11","2",4.18,0.550294293559191,0.0453414196455471,0.00724299065420561,"0","0","0","0","0","0","0","1","0","0","0","0","1","0","1","0","0","1","0","0","1","0","0","0","0","0",-24.218982471968,-0.0000793034784538642
"327","44600","234","frame","336236","15369","1","10","20","24","24","17","3",4.2,0.470141822574139,0.0457089663212743,0.0177570093457944,"1","0","0","0","1","1","0","0","0","0","0","0","1","0","0","0","0","1","0","0","0","0","0","0","0","0",26358.9867234228,0.0850627364860278
"328","44599","233","elder","288228","13340","1","3","13","24","30","24","5",4.71,0.626410788692593,0.0462828038913638,0.00537383177570093,"0","0","0","1","2","0","0","0","0","0","0","1","0","0","0","0","0","1","0","0","0","0","0","0","0","0",-26088.0626109715,-0.0829994572796001
"329","44598","232","skill","311018","13716","1","3","17","33","27","16","3",4.42,0.577853169684381,0.0441003414593368,0.0122897196261682,"0","0","0","0","0","0","0","0","1","0","1","2","0","0","0","0","0","0","1","0","0","0","0","0","0","0",-7381.7823861565,-0.023184005751624
"330","44597","231","aloft","319698","13708","1","4","22","36","25","11","2",4.24,0.572301119541602,0.0428779660804885,0.000560747663551402,"1","0","0","0","0","1","0","0","0","0","0","1","0","0","1","0","0","0","0","1","0","0","0","0","0","0",-2107.77484804462,-0.00654983537520388
"331","44596","230","pleat","359679","14813","1","10","28","31","19","9","2",3.92,0.465796808347445,0.0411839445727996,0.0000724299065420561,"1","0","0","0","1","0","0","0","0","0","0","1","0","0","0","1","0","0","0","1","0","0","0","0","0","0",35441.8765980932,0.109308509236191
"332","44595","229","shard","358176","14609","1","7","22","28","25","14","4",4.3,0.485587518471427,0.040787210756723,0.000467289719626168,"1","0","0","1","0","0","0","1","0","0","0","0","0","0","0","0","0","1","1","0","0","0","0","0","0","0",32720.2565864747,0.100536731179761
"333","44594","228","moist","361908","14205","3","13","32","29","16","7","1",3.7,0.447453110073319,0.0392503067077821,0.00228971962616822,"0","0","0","0","0","0","0","0","1","0","0","0","1","0","1","0","0","0","1","1","0","0","0","0","0","0",36598.6180110426,0.112504034735417
"334","44593","227","those","351663","13606","1","13","34","30","15","6","1",3.67,0.469214135296354,0.0386904508009088,0.371028037383178,"0","0","0","0","1","0","0","1","0","0","0","0","0","0","1","0","0","0","1","1","0","0","0","0","0","0",27916.2954743364,0.0862288174183513
"335","44592","226","light","341314","13347","1","10","25","27","19","12","5",4.06,0.399499687108764,0.0391047539802059,0.1,"0","0","0","0","0","0","1","1","1","0","0","1","0","0","0","0","0","0","0","1","0","0","0","0","0","0",20496.9998280061,0.0638900052585037
"336","44591","225","wrung","294687","11524","0","2","18","39","27","12","2",4.35,0.630355153106262,0.0391058988011008,0.000107009345794393,"0","0","0","0","0","0","1","0","0","0","0","0","0","1","0","0","0","1","0","0","1","0","1","0","0","0",-21967.578056537,-0.0693739474457079
"337","44590","224","could","313220","11592","1","7","29","35","20","8","1",3.97,0.535465974197997,0.0370091309622629,0.537383177570093,"0","0","1","1","0","0","0","0","0","0","0","1","0","0","1","0","0","0","0","0","1","0","0","0","0","0",1768.25897971762,0.00567747341506261
"338","44589","223","perky","296968","11148","1","4","17","30","27","17","4",4.45,0.550601402796892,0.0375393981843162,0.000416355140186916,"0","0","0","0","1","0","0","0","0","0","1","0","0","0","0","1","0","1","0","0","0","0","0","0","1","0",-8458.59210612834,-0.0276943538144484
"339","44588","222","mount","331844","11451","1","9","29","33","19","7","1",3.82,0.505135531082406,0.034507178071624,0.013785046728972,"0","0","0","0","0","0","0","0","0","0","0","0","1","1","1","0","0","0","0","1","1","0","0","0","0","0",33052.7662600049,0.110621606418236
"340","44587","221","whack","302348","10163","1","4","22","37","24","10","2",4.17,0.572708685192776,0.0336135843465146,0.00125700934579439,"1","0","1","0","0","0","0","1","0","0","1","0","0","0","0","0","0","0","0","0","0","0","1","0","0","0",10622.7566470633,0.0364135668376549
"341","44586","220","sugar","276404","8708","1","6","25","34","23","9","1",4,0.541584975524881,0.031504609195236,0.0223831775700935,"1","0","0","0","0","0","1","0","0","0","0","0","0","0","0","0","0","1","1","0","1","0","0","0","0","0",-7951.98906934739,-0.0279649079851386
"342","44585","219","knoll","258038","8317","1","1","11","29","33","21","4",4.71,0.667625500953798,0.0322316868058193,0.000371028037383178,"0","0","0","0","0","0","0","0","0","0","1","2","0","1","1","0","0","0","0","0","0","0","0","0","0","0",-18709.2625414292,-0.0676041467207952
"343","44584","218","crimp","269929","7630","1","5","28","38","20","7","1",3.96,0.572592267466043,0.0282666923524334,0.00019018691588785,"0","0","1","0","0","0","0","0","1","0","0","0","1","0","0","1","0","1","0","0","0","0","0","0","0","0",1032.03634498088,0.00383803643950747
"344","44583","217","wince","241489","6850","1","3","17","33","29","15","3",4.46,0.594578682365765,0.0283656812525622,0.00019018691588785,"0","0","1","0","1","0","0","0","1","0","0","0","0","1","0","0","0","0","0","0","0","0","1","0","0","0",-19256.6627356726,-0.0738522839982722
"345","44582","216","prick","273727","7409","1","8","30","33","19","7","1",3.83,0.51093751365225,0.0270671143146273,0.00185981308411215,"0","0","1","0","0","0","0","0","1","0","1","0","0","0","0","1","0","1","0","0","0","0","0","0","0","0",21530.4475187655,0.0853716964285924
"346","44581","215","robot","243964","6589","1","8","29","34","20","8","1",3.95,0.52258514913384,0.0270080831598105,0.00813084112149533,"0","1","0","0","0","0","0","0","0","0","0","0","0","0","2","0","0","1","0","1","0","0","0","0","0","0",818.295593606745,0.00336545363038389
"347","44580","214","point","280622","7094","1","16","37","28","12","4","1",3.47,0.463927334211481,0.0252795575542901,0.16214953271028,"0","0","0","0","0","0","0","0","1","0","0","0","0","1","1","1","0","0","0","1","0","0","0","0","0","0",47104.1450753848,0.201715389560216
"348","44579","213","proxy","220950","6206","1","2","11","24","31","26","6",4.87,0.665403565336033,0.0280878026702874,0.00250934579439252,"0","0","0","0","0","0","0","0","0","0","0","0","0","0","1","1","0","1","0","0","0","0","0","1","1","0",-2350.08913965599,-0.0105243537909481
"349","44578","212","shire","222197","5640","1","8","32","32","18","8","2",3.93,0.489776431018227,0.0253828809569886,0.0013785046728972,"0","0","0","0","1","0","0","1","1","0","0","0","0","0","0","0","0","1","1","0","0","0","0","0","0","0",9632.6542981102,0.0453164159130407
"350","44577","211","solar","209609","4955","1","9","32","32","18","7","1",3.82,0.499861885686341,0.0236392521313493,0.0158411214953271,"1","0","0","0","0","0","0","0","0","0","0","1","0","0","1","0","0","1","1","0","0","0","0","0","0","0",8137.49781039372,0.0403903168535243
"351","44576","210","panic","205880","4655","1","9","35","34","16","5","1",3.77,0.530579198342986,0.0226102584029532,0.00850467289719626,"1","0","1","0","0","0","0","0","1","0","0","0","0","1","0","1","0","0","0","0","0","0","0","0","0","0",15625.2261691931,0.0821279059367443
"352","44575","209","tangy","169484","3985","1","4","21","30","24","15","5",4.37,0.497957733911127,0.0235125439569517,0.000204205607476636,"1","0","0","0","0","0","1","0","0","0","0","0","0","1","0","0","0","0","0","1","0","0","0","0","1","0",-9702.27516691911,-0.0541463075666987
"353","44574","208","abbey","132726","3345","1","2","13","29","31","20","3",4.56,0.63449267322874,0.025202296460377,0.00354672897196262,"1","2","0","0","1","0","0","0","0","0","0","0","0","0","0","0","0","0","0","0","0","0","0","0","1","0",-35810.3283523319,-0.212478393842003
"354","44573","207","favor","137586","3073","1","4","15","26","29","21","4",4.57,0.588152879380701,0.0223351213059468,0.0177570093457944,"1","0","0","0","0","1","0","0","0","0","0","0","0","0","1","0","0","1","0","0","0","1","0","0","0","0",-20950.3669292844,-0.132148650401641
"355","44572","206","drink","153880","3017","1","9","35","34","16","5","1",3.77,0.530579198342986,0.0196061866389394,0.0371028037383178,"0","0","0","1","0","0","0","0","1","0","1","0","0","1","0","0","0","1","0","0","0","0","0","0","0","0",4525.73061592699,0.0303019835629126
"356","44571","205","query","107134","2242","1","4","16","30","30","17","2",4.43,0.603233351357894,0.0209270633038998,0.00204205607476635,"0","0","0","0","1","0","0","0","0","0","0","0","0","0","0","0","1","1","0","0","1","0","0","0","1","0",-33951.3696570542,-0.24064415565967
"357","44570","204","gorge","91477","1913","1","3","13","27","30","22","4",4.64,0.621469073666429,0.0209123604840561,0.00117289719626168,"0","0","0","0","1","0","2","0","0","0","0","0","0","0","1","0","0","1","0","0","0","0","0","0","0","0",-42280.4101084322,-0.316097703104127
"358","44569","203","crank","101503","1763","1","5","23","31","24","14","2",4.22,0.523600174615272,0.0173689447602534,0.0019018691588785,"1","0","1","0","0","0","0","0","0","0","1","0","0","1","0","0","0","1","0","0","0","0","0","0","0","0",-25841.2889548733,-0.202924600443061
"359","44568","202","slump","80630","1362","1","3","23","39","24","9","1",4.13,0.607343944290767,0.01689197569143,0.00107009345794393,"0","0","0","0","0","0","0","0","0","0","0","1","1","0","0","1","0","0","1","0","1","0","0","0","0","0",-41153.1074921321,-0.337921312237749
