Date,Contest number,Word,Number of  reported results,Number in hard mode,1 try,2 tries,3 tries,4 tries,5 tries,6 tries,7 or more tries (X),percentHardmode,wordFreq,wordFreqNorm
2022-12-31 00:00:00,560,manly,20380,1899,0,2,17,37,29,12,2,0.09317958783120707,4.57e-06,0.002135514018691589
2022-12-30 00:00:00,559,molar,21204,1973,0,4,21,38,26,9,1,0.09304848141860027,9.77e-07,0.0004565420560747663
2022-12-29 00:00:00,558,havoc,20001,1919,0,2,16,38,30,12,2,0.09594520273986301,3.16e-06,0.0014766355140186916
2022-12-28 00:00:00,557,impel,20160,1937,0,3,21,40,25,9,1,0.09608134920634921,2.29e-07,0.00010700934579439253
2022-12-27 00:00:00,556,condo,20879,2012,0,2,17,35,29,14,3,0.09636476842760669,4.27e-06,0.001995327102803738
2022-12-26 00:00:00,555,judge,20011,2043,0,2,8,16,26,33,14,0.10209384838338914,8.91e-05,0.04163551401869159
2022-12-25 00:00:00,554,extra,15554,1562,1,5,20,35,28,10,1,0.10042432814710042,9.55e-05,0.044626168224299066
2022-12-24 00:00:00,553,poise,20281,1911,2,11,34,32,15,6,1,0.09422612297224003,1.1e-06,0.000514018691588785
2022-12-23 00:00:00,552,aorta,21937,2112,0,7,26,35,20,10,3,0.09627569859142089,8.32e-07,0.000388785046728972
2022-12-22 00:00:00,551,excel,20490,2034,0,1,13,34,34,15,2,0.0992679355783309,5.37e-06,0.0025093457943925236
2022-12-21 00:00:00,550,lunar,22180,2036,0,5,32,40,17,4,0,0.09179440937781785,5.89e-06,0.002752336448598131
2022-12-20 00:00:00,549,third,24137,2261,1,10,47,32,9,2,0,0.09367361312507769,0.000209,0.09766355140186916
2022-12-19 00:00:00,548,slate,26010,2422,6,14,33,27,13,5,1,0.09311803152633602,6.61e-06,0.003088785046728972
2022-12-18 00:00:00,547,taper,22166,2108,0,8,28,30,20,11,3,0.09510060452945954,2e-06,0.0009345794392523364
2022-12-17 00:00:00,546,chord,22336,2088,0,7,39,38,13,3,0,0.09348137535816618,4.47e-06,0.0020887850467289724
2022-12-16 00:00:00,545,probe,22853,2160,0,6,24,32,24,11,3,0.09451713123003544,9.77e-06,0.004565420560747663
2022-12-15 00:00:00,544,rival,22176,2127,0,7,27,35,22,8,1,0.09591450216450216,1.51e-05,0.00705607476635514
2022-12-14 00:00:00,543,usual,20824,2048,0,3,20,39,27,10,1,0.09834805993084902,4.17e-05,0.019485981308411213
2022-12-13 00:00:00,542,spoke,24101,2224,0,6,31,38,19,5,0,0.09227832870005394,4.07e-05,0.019018691588785046
2022-12-12 00:00:00,541,apply,22873,2150,0,5,28,38,22,7,1,0.09399728938049229,6.46e-05,0.03018691588785047
2022-12-11 00:00:00,540,naive,21947,2075,1,7,24,32,24,11,1,0.0945459516106985,5.62e-06,0.0026261682242990658
2022-12-10 00:00:00,539,knock,21157,2041,0,3,18,43,27,8,1,0.09646925367490665,2.24e-05,0.010467289719626167
2022-12-09 00:00:00,538,braid,23640,2165,0,10,36,35,14,3,0,0.09158206429780034,1.74e-06,0.0008130841121495328
2022-12-08 00:00:00,537,infer,21199,1863,0,3,19,33,26,14,3,0.08788150384452097,1.45e-06,0.000677570093457944
2022-12-07 00:00:00,536,joust,24899,2388,0,6,29,34,21,8,2,0.09590746616329973,2.95e-07,0.00013785046728971963
2022-12-06 00:00:00,535,amber,23509,2261,0,6,22,33,24,12,3,0.09617593262154919,9.33e-06,0.00435981308411215
2022-12-05 00:00:00,534,woken,23153,2200,0,2,10,25,36,23,4,0.09502008379043753,2.34e-06,0.0010934579439252337
2022-12-04 00:00:00,533,adore,25577,2398,2,17,32,29,15,5,1,0.09375610900418345,5.01e-06,0.002341121495327103
2022-12-03 00:00:00,532,torso,23873,2260,0,4,35,36,17,6,1,0.09466761613538306,2.57e-06,0.0012009345794392523
2022-12-02 00:00:00,531,chafe,24646,2343,0,6,30,33,19,9,2,0.09506613649273715,2.51e-07,0.00011728971962616823
2022-12-01 00:00:00,530,eject,22628,2200,0,2,11,35,36,14,2,0.0972246773908432,9.77e-07,0.0004565420560747663
2022-11-30 00:00:00,529,study,25690,2405,0,6,30,33,19,10,2,0.09361619307123395,0.000182,0.08504672897196262
2022-11-29 00:00:00,528,undue,23739,2316,0,3,19,35,29,13,2,0.0975609756097561,1.95e-06,0.000911214953271028
2022-11-28 00:00:00,527,tepid,26051,2484,0,10,38,35,13,3,0,0.09535142604890408,5.13e-07,0.0002397196261682243
2022-11-27 00:00:00,526,happy,25206,2356,0,6,28,39,19,6,1,0.09346980877568833,0.000224,0.10467289719626169
2022-11-26 00:00:00,525,clean,26381,2424,1,17,36,31,12,3,0,0.09188431067813957,9.33e-05,0.0435981308411215
2022-11-25 00:00:00,524,itchy,24197,2329,0,8,28,40,18,5,1,0.09625160143819482,2.19e-06,0.0010233644859813085
2022-11-24 00:00:00,523,feast,27705,2725,5,13,25,27,19,10,2,0.09835769716657643,8.91e-06,0.004163551401869158
2022-11-23 00:00:00,522,drive,26663,2451,1,12,32,30,18,6,1,0.09192513970670967,0.000135,0.06308411214953272
2022-11-22 00:00:00,521,prime,27437,2534,1,10,26,32,21,9,1,0.09235703611910923,6.46e-05,0.03018691588785047
2022-11-21 00:00:00,520,axiom,24288,2382,0,5,19,33,27,13,3,0.09807312252964427,1.05e-06,0.0004906542056074766
2022-11-20 00:00:00,519,brave,24991,2396,1,6,17,27,27,18,5,0.09587451482533713,2.14e-05,0.01
2022-11-19 00:00:00,518,avert,24749,2400,0,7,26,35,22,9,1,0.09697361509555942,1.38e-06,0.0006448598130841121
2022-11-18 00:00:00,517,glyph,29208,2899,0,2,23,49,20,5,1,0.09925362914270063,5.01e-07,0.0002341121495327103
2022-11-17 00:00:00,516,there,27465,2530,0,14,35,33,14,4,0,0.09211724012379392,0.00204,0.9532710280373833
2022-11-16 00:00:00,515,baker,25576,2541,0,5,16,23,24,22,10,0.09935095401939319,1.7e-05,0.00794392523364486
2022-11-15 00:00:00,514,snarl,27475,2650,0,5,21,31,24,15,4,0.09645131938125569,4.17e-07,0.00019485981308411214
2022-11-14 00:00:00,513,maple,26536,2467,1,6,26,36,21,8,1,0.09296804341272234,7.24e-06,0.003383177570093458
2022-11-13 00:00:00,512,inane,25085,2515,0,8,25,30,21,13,3,0.10025911899541559,5.01e-07,0.0002341121495327103
2022-11-12 00:00:00,511,valet,24660,2356,0,4,22,38,25,9,1,0.09553933495539335,1.48e-06,0.0006915887850467289
2022-11-11 00:00:00,510,medal,25993,2438,0,5,25,38,23,8,1,0.09379448313007348,2.45e-05,0.011448598130841122
2022-11-10 00:00:00,509,unite,27467,2575,1,11,31,33,18,5,1,0.09374886227108895,7.94e-06,0.0037102803738317757
2022-11-09 00:00:00,508,rainy,28984,2678,1,16,38,31,11,3,1,0.09239580458183826,5.5e-06,0.0025700934579439253
2022-11-08 00:00:00,507,spell,27213,2531,0,4,24,37,24,9,1,0.09300701870429574,2.34e-05,0.010934579439252336
2022-11-07 00:00:00,506,begin,26096,2439,0,6,26,36,23,7,1,0.09346259963212752,6.92e-05,0.03233644859813084
2022-11-06 00:00:00,505,stale,31068,3013,2,19,30,27,15,6,2,0.09698081627397966,2.69e-06,0.0012570093457943926
2022-11-05 00:00:00,504,dream,29743,2751,5,14,31,29,15,4,1,0.09249235114144505,8.13e-05,0.037990654205607474
2022-11-04 00:00:00,503,photo,27330,2565,0,5,34,43,15,3,0,0.0938529088913282,9.33e-05,0.0435981308411215
2022-11-03 00:00:00,502,aloud,29554,2819,1,18,31,30,15,4,1,0.09538471949651485,3.24e-06,0.001514018691588785
2022-11-02 00:00:00,501,inept,27670,2640,0,6,30,39,20,6,1,0.09541019154318757,1.35e-06,0.0006308411214953271
2022-11-01 00:00:00,500,piney,27502,3667,0,1,14,37,33,14,2,0.13333575739946185,3.02e-07,0.00014112149532710279
2022-10-31 00:00:00,499,aptly,26498,2572,0,3,26,41,23,7,1,0.09706392935315873,1.32e-06,0.0006168224299065421
2022-10-30 00:00:00,498,waltz,24672,2496,0,2,11,29,35,19,3,0.10116731517509728,2.4e-06,0.0011214953271028037
2022-10-29 00:00:00,497,libel,25156,2536,0,3,15,32,32,16,2,0.10081093973604707,2.19e-06,0.0010233644859813085
2022-10-28 00:00:00,496,sneak,27905,2636,0,7,28,36,21,7,1,0.094463357821179,9.77e-06,0.004565420560747663
2022-10-27 00:00:00,495,carry,27609,2615,0,4,22,35,24,12,3,0.09471549132529247,7.76e-05,0.03626168224299066
2022-10-26 00:00:00,494,flout,30063,2904,0,6,28,37,21,7,1,0.09659714599341383,1.78e-07,8.317757009345795e-05
2022-10-25 00:00:00,493,foggy,28953,2817,0,2,13,35,32,15,3,0.09729561703450419,1.55e-06,0.0007242990654205608
2022-10-24 00:00:00,492,fault,28947,2768,0,7,27,35,22,8,1,0.09562303520226621,4.37e-05,0.02042056074766355
2022-10-23 00:00:00,491,mummy,29279,3021,0,1,4,14,27,37,18,0.10317975340687865,3.72e-06,0.0017383177570093457
2022-10-22 00:00:00,490,spiel,29084,2810,0,7,32,36,19,6,1,0.09661669646541053,4.57e-07,0.00021355140186915886
2022-10-21 00:00:00,489,grove,28637,2794,0,4,18,30,28,17,3,0.09756608583301324,8.71e-06,0.004070093457943925
2022-10-20 00:00:00,488,denim,28741,2769,0,5,29,40,20,5,0,0.09634320308966285,3.31e-06,0.001546728971962617
2022-10-19 00:00:00,487,quirk,28322,2794,0,3,23,39,24,9,2,0.09865122519596074,1.35e-06,0.0006308411214953271
2022-10-18 00:00:00,486,exist,28612,2805,0,5,24,38,23,8,1,0.0980357891793653,5.37e-05,0.025093457943925233
2022-10-17 00:00:00,485,stein,31269,2965,1,12,34,32,16,5,1,0.09482234801240845,4.47e-06,0.0020887850467289724
2022-10-16 00:00:00,484,spade,30459,2854,1,8,29,36,19,6,1,0.0936997275025444,2.14e-06,0.001
2022-10-15 00:00:00,483,catch,30403,3123,0,7,18,20,15,16,23,0.10272012630332533,7.41e-05,0.034626168224299064
2022-10-14 00:00:00,482,floor,28906,2752,0,3,23,44,24,6,0,0.0952051477201965,8.71e-05,0.040700934579439255
2022-10-13 00:00:00,481,equal,27197,2677,0,5,23,35,25,11,2,0.0984299738941795,4.47e-05,0.02088785046728972
2022-10-12 00:00:00,480,ionic,29151,2947,0,2,13,25,28,21,11,0.10109430208226133,1.62e-06,0.0007570093457943925
2022-10-11 00:00:00,479,valid,28575,2752,0,4,28,38,21,8,1,0.0963079615048119,2.4e-05,0.011214953271028038
2022-10-10 00:00:00,478,enjoy,26878,2654,0,3,12,29,33,20,3,0.09874246595728849,0.000123,0.057476635514018694
2022-10-09 00:00:00,477,howdy,28408,2668,0,2,13,32,32,17,4,0.09391720642072655,1.2e-06,0.0005607476635514019
2022-10-08 00:00:00,476,vigor,26905,2642,0,2,15,35,31,14,2,0.09819736108530012,1.07e-06,0.0005
2022-10-07 00:00:00,475,dandy,29026,2840,0,2,11,23,29,24,11,0.09784331289189004,1.78e-06,0.0008317757009345794
2022-10-06 00:00:00,474,sloth,32522,2987,1,10,38,34,13,3,0,0.09184551995572228,1.26e-06,0.000588785046728972
2022-10-05 00:00:00,473,marsh,30935,2885,0,9,30,35,19,6,1,0.09326006141910458,7.41e-06,0.0034626168224299067
2022-10-04 00:00:00,472,bough,32014,3060,0,3,17,35,28,13,3,0.0955831823577185,5.37e-07,0.00025093457943925235
2022-10-03 00:00:00,471,sting,32288,2969,1,10,30,33,18,8,2,0.09195366699702676,6.31e-06,0.0029485981308411215
2022-10-02 00:00:00,470,twine,30088,2775,0,6,28,40,20,5,1,0.09222946024993353,8.51e-07,0.0003976635514018692
2022-10-01 00:00:00,469,leave,28202,2696,0,4,16,34,31,12,1,0.09559605701723282,0.000219,0.10233644859813085
2022-09-30 00:00:00,468,scorn,31223,2859,0,8,31,35,20,6,1,0.09156711398648432,1.35e-06,0.0006308411214953271
2022-09-29 00:00:00,467,scald,30477,2829,0,4,23,36,24,11,2,0.09282409685992715,1.48e-07,6.91588785046729e-05
2022-09-28 00:00:00,466,usurp,31355,3007,0,3,21,38,26,9,1,0.09590177005262318,5.01e-07,0.0002341121495327103
2022-09-27 00:00:00,465,soggy,30985,2888,0,2,18,38,28,11,2,0.09320639018880103,1.38e-06,0.0006448598130841121
2022-09-26 00:00:00,464,brisk,31706,2884,0,5,23,38,24,7,1,0.09096070144452154,1.58e-06,0.0007383177570093458
2022-09-25 00:00:00,463,admit,28994,2677,0,10,25,34,22,8,1,0.09232944747189073,3.8e-05,0.017757009345794394
2022-09-24 00:00:00,462,grate,32777,3077,1,14,29,28,16,8,3,0.0938768038563627,1.48e-06,0.0006915887850467289
2022-09-23 00:00:00,461,glory,31509,2893,0,6,30,39,19,5,0,0.09181503697356311,2.29e-05,0.010700934579439252
2022-09-22 00:00:00,460,saint,34455,3119,1,14,35,29,15,5,1,0.09052387171673197,2.57e-05,0.012009345794392523
2022-09-21 00:00:00,459,recap,31976,2900,0,5,30,35,21,8,1,0.09069301976482362,2.82e-06,0.0013177570093457945
2022-09-20 00:00:00,458,alike,31277,2843,0,6,20,33,27,12,2,0.09089746459059372,1.35e-05,0.006308411214953271
2022-09-19 00:00:00,457,trice,35050,3430,0,5,24,25,18,17,11,0.0978601997146933,2.51e-07,0.00011728971962616823
2022-09-18 00:00:00,456,stick,33102,3038,1,9,36,35,14,4,0,0.09177693190743762,5.75e-05,0.026869158878504672
2022-09-17 00:00:00,455,chute,33418,3073,0,11,37,36,12,3,0,0.09195643066610809,1.55e-06,0.0007242990654205608
2022-09-16 00:00:00,454,parer,37309,4130,0,0,4,11,15,22,48,0.1106971508215176,3.55e-08,1.6588785046728973e-05
2022-09-15 00:00:00,453,doubt,33344,3011,1,12,32,34,16,4,0,0.09030110364683301,7.94e-05,0.03710280373831776
2022-09-14 00:00:00,452,thyme,32142,2938,1,5,24,41,23,5,0,0.09140688196129675,1.17e-06,0.0005467289719626169
2022-09-13 00:00:00,451,alpha,29497,2706,0,3,19,40,28,9,1,0.09173814286198596,1.78e-05,0.008317757009345794
2022-09-12 00:00:00,450,booze,29147,2883,0,1,7,27,38,23,4,0.09891240951041273,4.47e-06,0.0020887850467289724
2022-09-11 00:00:00,449,tibia,27887,2675,0,1,14,40,30,12,2,0.09592283142682971,7.94e-07,0.0003710280373831776
2022-09-10 00:00:00,448,lofty,29237,2777,0,4,19,34,27,13,3,0.09498238533365257,2.19e-06,0.0010233644859813085
2022-09-09 00:00:00,447,theme,32172,2909,0,8,29,40,18,4,0,0.09042024120353102,4.17e-05,0.019485981308411213
2022-09-08 00:00:00,446,class,31962,3001,0,4,21,32,22,13,7,0.0938927476378199,0.000229,0.10700934579439253
2022-09-07 00:00:00,445,leery,30992,2873,0,3,17,37,28,12,2,0.09270134228187919,3.8e-07,0.00017757009345794393
2022-09-06 00:00:00,444,taunt,32734,3022,0,4,19,27,21,16,13,0.09231991201808518,9.12e-07,0.0004261682242990654
2022-09-05 00:00:00,443,whoop,32733,2970,0,1,16,47,29,7,1,0.09073412152873248,1.58e-06,0.0007383177570093458
2022-09-04 00:00:00,442,inter,32018,2889,0,6,25,36,23,8,1,0.09023049534636766,1.45e-05,0.006775700934579439
2022-09-03 00:00:00,441,gully,31191,2877,0,1,9,27,31,25,7,0.09223814561892854,1.29e-06,0.000602803738317757
2022-09-02 00:00:00,440,charm,35724,3149,1,12,32,34,16,5,1,0.0881480237375434,1.32e-05,0.006168224299065421
2022-09-01 00:00:00,439,fungi,31903,2928,0,2,18,41,28,9,1,0.09177820267686425,3.02e-06,0.001411214953271028
2022-08-31 00:00:00,438,prize,35343,3166,0,5,12,20,32,26,5,0.08957926604985429,3.89e-05,0.018177570093457943
2022-08-30 00:00:00,437,onset,33660,3009,0,4,29,40,21,6,1,0.0893939393939394,5.25e-06,0.002453271028037383
2022-08-29 00:00:00,436,chief,34281,3072,1,6,32,38,18,5,0,0.08961232169423296,0.000129,0.060280373831775695
2022-08-28 00:00:00,435,gauze,30214,2866,0,2,11,24,31,25,8,0.09485668895214139,7.76e-07,0.0003626168224299065
2022-08-27 00:00:00,434,ruder,31241,2784,0,2,16,33,29,16,4,0.08911366473544381,1.35e-07,6.308411214953271e-05
2022-08-26 00:00:00,433,irony,34716,3046,0,6,29,34,21,8,1,0.08774052310173983,7.24e-06,0.003383177570093458
2022-08-25 00:00:00,432,clown,36737,3175,1,8,29,36,20,6,1,0.08642512997795139,8.51e-06,0.003976635514018691
2022-08-24 00:00:00,431,needy,33700,2927,0,2,21,41,26,9,1,0.08685459940652819,3.8e-06,0.0017757009345794393
2022-08-23 00:00:00,430,woven,33549,2933,0,2,13,32,32,17,3,0.08742436436257414,3.63e-06,0.0016962616822429907
2022-08-22 00:00:00,429,merit,35888,3123,0,7,33,37,17,5,0,0.08702073116362015,1.2e-05,0.005607476635514019
2022-08-21 00:00:00,428,waste,35617,3186,1,7,19,27,24,17,5,0.08945166633910773,6.46e-05,0.03018691588785047
2022-08-20 00:00:00,427,treat,38245,3249,1,22,32,26,14,5,1,0.08495228134396653,5.62e-05,0.026261682242990653
2022-08-19 00:00:00,426,shrug,33965,2987,0,4,23,36,26,10,1,0.08794347122037391,2e-06,0.0009345794392523364
2022-08-18 00:00:00,425,twang,34938,3172,0,3,22,43,25,7,1,0.09078939836281413,3.63e-07,0.00016962616822429908
2022-08-17 00:00:00,424,twice,35815,3173,1,6,28,38,21,6,1,0.08859416445623342,6.92e-05,0.03233644859813084
2022-08-16 00:00:00,423,gruel,35105,3087,0,3,19,39,29,9,1,0.08793619142572283,2.75e-07,0.00012850467289719626
2022-08-15 00:00:00,422,poker,35376,3180,0,4,17,30,27,17,5,0.08989145183175033,9.33e-06,0.00435981308411215
2022-08-14 00:00:00,421,khaki,31652,2968,0,2,17,33,28,16,4,0.09376974598761531,1.1e-06,0.000514018691588785
2022-08-13 00:00:00,420,hunky,35276,3185,0,1,11,33,25,22,7,0.09028801451411725,5.25e-07,0.0002453271028037383
2022-08-12 00:00:00,419,label,34198,3076,0,4,18,32,29,15,2,0.08994678051348032,2.69e-05,0.012570093457943925
2022-08-11 00:00:00,418,glean,37301,3243,0,6,23,37,24,8,1,0.08694136886410551,5.37e-07,0.00025093457943925235
2022-08-10 00:00:00,417,cling,37654,3312,0,4,20,34,27,13,2,0.08795878259945822,3.09e-06,0.00144392523364486
2022-08-09 00:00:00,416,patty,36223,3019,0,2,16,39,29,12,1,0.08334483615382492,3.8e-06,0.0017757009345794393
2022-08-08 00:00:00,415,unfit,35516,3187,0,3,24,38,25,9,1,0.08973420430228629,3.31e-06,0.001546728971962617
2022-08-07 00:00:00,414,smear,36223,3190,0,2,16,39,29,12,2,0.08806559368357121,2.88e-06,0.0013457943925233645
2022-08-06 00:00:00,413,alien,38841,3395,3,17,31,29,15,4,0,0.0874076362606524,1.95e-05,0.00911214953271028
2022-08-05 00:00:00,412,buggy,37350,3428,0,1,9,29,34,22,5,0.09178045515394913,2.09e-06,0.0009766355140186915
2022-08-04 00:00:00,411,rhyme,37229,3336,0,4,22,39,25,8,1,0.08960756399580971,3.63e-06,0.0016962616822429907
2022-08-03 00:00:00,410,youth,38381,3327,1,5,17,31,29,15,3,0.08668351528099841,5.62e-05,0.026261682242990653
2022-08-02 00:00:00,409,coyly,34909,3380,0,0,4,17,28,35,15,0.09682316881033544,1.2e-07,5.607476635514018e-05
2022-08-01 00:00:00,408,quart,36662,3303,0,5,20,33,27,13,2,0.09009328459985816,1.02e-06,0.0004766355140186916
2022-07-31 00:00:00,407,cramp,39250,3369,1,8,26,33,19,10,2,0.0858343949044586,1.1e-06,0.000514018691588785
2022-07-30 00:00:00,406,bluff,37353,3171,0,2,14,42,31,10,1,0.08489277969640993,3.8e-06,0.0017757009345794393
2022-07-29 00:00:00,405,upset,37791,3213,0,5,30,38,20,6,1,0.08502024291497975,4.07e-05,0.019018691588785046
2022-07-28 00:00:00,404,stomp,40650,3490,0,7,26,32,21,11,2,0.08585485854858549,1.78e-06,0.0008317757009345794
2022-07-27 00:00:00,403,motto,38384,3285,0,1,11,36,36,14,1,0.08558253438932889,5.25e-06,0.002453271028037383
2022-07-26 00:00:00,402,cinch,39171,3507,0,2,15,24,22,25,13,0.08953052002757142,4.47e-07,0.0002088785046728972
2022-07-25 00:00:00,401,elope,39228,3339,0,4,22,32,26,13,2,0.08511777301927195,3.16e-07,0.00014766355140186918
2022-07-24 00:00:00,400,power,39813,3401,2,6,19,29,24,15,4,0.0854243588777535,0.000331,0.1546728971962617
2022-07-23 00:00:00,399,midge,36769,3111,0,2,18,39,28,10,2,0.08460931763170061,5.75e-07,0.00026869158878504675
2022-07-22 00:00:00,398,tryst,43099,3665,0,3,26,41,23,6,1,0.08503677579526207,3.63e-07,0.00016962616822429908
2022-07-21 00:00:00,397,aphid,39086,3367,0,6,24,36,23,9,2,0.08614337614491122,2.45e-07,0.00011448598130841121
2022-07-20 00:00:00,396,trite,42237,3685,0,4,14,22,22,23,15,0.08724577976655538,6.31e-07,0.00029485981308411215
2022-07-19 00:00:00,395,angry,39667,3358,0,5,27,38,21,7,1,0.08465475080041344,4.57e-05,0.021355140186915887
2022-07-18 00:00:00,394,flock,42574,3548,0,4,22,37,27,9,1,0.0833372480856861,4.9e-06,0.002289719626168224
2022-07-17 00:00:00,393,wacky,39611,3345,0,3,18,39,27,10,2,0.08444623968089672,1.95e-06,0.000911214953271028
2022-07-16 00:00:00,392,roomy,38769,3280,0,2,17,41,28,10,2,0.0846036781964972,4.68e-07,0.00021869158878504673
2022-07-15 00:00:00,391,wedge,39234,3353,0,2,11,32,37,17,2,0.08546158943773258,4.17e-06,0.0019485981308411215
2022-07-14 00:00:00,390,liver,40549,3388,0,4,16,26,25,20,8,0.08355323189227848,1.51e-05,0.00705607476635514
2022-07-13 00:00:00,389,bland,46246,3727,0,7,31,38,18,4,0,0.08059075379492281,3.16e-06,0.0014766355140186916
2022-07-12 00:00:00,388,night,46910,3870,1,8,27,27,17,13,7,0.08249840119377531,0.000407,0.19018691588785047
2022-07-11 00:00:00,387,madam,40545,3430,0,3,13,35,34,14,2,0.0845973609569614,3.89e-06,0.0018177570093457945
2022-07-10 00:00:00,386,berth,41785,3494,0,7,24,35,24,9,1,0.08361852339356228,2.75e-06,0.0012850467289719626
2022-07-09 00:00:00,385,stead,47094,3933,1,6,20,27,28,16,3,0.0835138234169958,1.55e-06,0.0007242990654205608
2022-07-08 00:00:00,384,voice,42806,3484,1,5,24,35,25,9,1,0.08139045928140914,0.000117,0.05467289719626168
2022-07-07 00:00:00,383,agape,43407,3671,0,2,18,36,27,15,3,0.08457161287349967,4.47e-07,0.0002088785046728972
2022-07-06 00:00:00,382,fluff,47344,4049,0,0,4,25,44,23,4,0.08552298073673538,1.58e-06,0.0007383177570093458
2022-07-05 00:00:00,381,field,44578,3604,1,6,25,36,23,9,1,0.08084705460092423,0.000174,0.08130841121495327
2022-07-04 00:00:00,380,sever,42645,3591,0,2,13,27,29,21,7,0.08420682377769961,1.41e-06,0.0006588785046728972
2022-07-03 00:00:00,379,lilac,40486,3461,0,2,17,38,29,12,1,0.08548634095736798,1.29e-06,0.000602803738317757
2022-07-02 00:00:00,378,egret,41765,3515,0,3,14,33,33,15,2,0.08416137914521729,2.09e-07,9.766355140186917e-05
2022-07-01 00:00:00,377,pinto,47248,3792,0,5,25,41,22,6,1,0.08025736539112767,1.32e-06,0.0006168224299065421
2022-06-30 00:00:00,376,hutch,44212,3758,0,1,12,28,28,21,9,0.08499954763412648,1.1e-06,0.000514018691588785
2022-06-29 00:00:00,375,gawky,45645,3957,0,1,5,22,33,28,10,0.08669076569175156,8.13e-08,3.799065420560747e-05
2022-06-28 00:00:00,374,droll,47312,3844,0,2,16,31,31,17,3,0.08124788637132228,3.8e-07,0.00017757009345794393
2022-06-27 00:00:00,373,retro,47986,3848,0,6,24,35,24,9,1,0.08019005543283457,5.37e-06,0.0025093457943925236
2022-06-26 00:00:00,372,rusty,50450,3954,0,9,37,34,13,5,1,0.07837462834489593,4.07e-06,0.0019018691588785048
2022-06-25 00:00:00,371,beady,46089,3670,0,3,19,39,29,10,1,0.07962854477207143,3.02e-07,0.00014112149532710279
2022-06-24 00:00:00,370,smite,50617,3991,0,6,23,35,24,11,2,0.07884702767844795,8.51e-07,0.0003976635514018692
2022-06-23 00:00:00,369,brink,53111,4118,0,4,22,41,24,7,1,0.0775357270621905,3.24e-06,0.001514018691588785
2022-06-22 00:00:00,368,awful,47645,3861,0,5,21,33,27,12,2,0.0810368349249659,2.88e-05,0.013457943925233645
2022-06-21 00:00:00,367,gloat,53342,4194,0,8,21,31,26,12,2,0.0786247234824341,4.17e-07,0.00019485981308411214
2022-06-20 00:00:00,366,input,50484,3950,0,5,30,38,21,6,1,0.07824261152048173,2.24e-05,0.010467289719626167
2022-06-19 00:00:00,365,loser,55359,4399,1,10,28,32,19,8,2,0.07946314059141242,1.02e-05,0.004766355140186916
2022-06-18 00:00:00,364,cacao,47205,4101,0,1,9,27,36,23,4,0.08687639021290118,7.24e-07,0.00033831775700934576
2022-06-17 00:00:00,363,blown,54665,4251,0,6,23,35,26,10,1,0.07776456599286563,1.62e-05,0.007570093457943926
2022-06-16 00:00:00,362,apron,53430,4112,0,7,30,38,19,5,1,0.0769605090772974,2.29e-06,0.0010700934579439252
2022-06-15 00:00:00,361,primo,55989,4391,0,3,22,38,25,10,2,0.07842611941631392,9.77e-07,0.0004565420560747663
2022-06-14 00:00:00,360,atone,59968,4762,2,16,34,29,14,4,1,0.0794090181430096,7.24e-07,0.00033831775700934576
2022-06-13 00:00:00,359,donor,53802,4142,0,3,27,38,23,7,1,0.07698598565109104,8.32e-06,0.0038878504672897195
2022-06-12 00:00:00,358,float,56684,4323,1,12,30,32,18,6,1,0.07626490720485499,8.71e-06,0.004070093457943925
2022-06-11 00:00:00,357,goose,51958,4087,0,2,12,28,32,21,5,0.0786596866700027,6.92e-06,0.003233644859813084
2022-06-10 00:00:00,356,piety,55376,4324,0,4,25,41,22,7,1,0.07808436867957237,1.23e-06,0.000574766355140187
2022-06-09 00:00:00,355,girth,60020,4665,0,6,23,33,23,12,3,0.07772409196934356,8.32e-07,0.000388785046728972
2022-06-08 00:00:00,354,trait,61026,4607,0,6,22,35,24,11,2,0.07549241306983909,4.9e-06,0.002289719626168224
2022-06-07 00:00:00,353,flood,58991,4440,0,3,20,40,28,8,1,0.07526571849943212,2.19e-05,0.010233644859813084
2022-06-06 00:00:00,352,gloom,58478,4548,0,2,14,35,35,13,1,0.07777283764834639,2.04e-06,0.0009532710280373832
2022-06-05 00:00:00,351,depth,56738,4329,0,6,28,39,20,6,1,0.07629807183897917,3.55e-05,0.016588785046728973
2022-06-04 00:00:00,350,froth,58263,4432,0,5,22,35,25,11,1,0.07606886016854608,5.62e-07,0.00026261682242990653
2022-06-03 00:00:00,349,peach,65431,4957,1,13,38,32,13,3,0,0.0757591967110391,5.89e-06,0.002752336448598131
2022-06-02 00:00:00,348,showy,61278,4770,0,2,16,37,30,13,2,0.07784196612160971,6.17e-07,0.0002883177570093458
2022-06-01 00:00:00,347,creak,63241,4797,0,5,21,32,25,14,3,0.07585269050141522,3.31e-07,0.0001546728971962617
2022-05-31 00:00:00,346,manor,62768,4802,0,6,27,34,21,10,2,0.07650395105786388,6.46e-06,0.0030186915887850468
2022-05-30 00:00:00,345,atoll,60969,4741,0,6,28,36,21,8,1,0.07776082927389329,7.08e-07,0.0003308411214953271
2022-05-29 00:00:00,344,bayou,56839,4435,0,6,17,33,29,13,2,0.07802741075669875,1.38e-06,0.0006448598130841121
2022-05-28 00:00:00,343,crept,60069,4562,0,4,27,38,22,7,1,0.07594599543857897,1.41e-06,0.0006588785046728972
2022-05-27 00:00:00,342,tiara,63846,4842,0,8,36,33,17,6,1,0.07583873696081195,9.55e-07,0.00044626168224299066
2022-05-26 00:00:00,341,asset,63188,4733,0,7,28,34,21,8,1,0.07490346268278787,1.7e-05,0.00794392523364486
2022-05-25 00:00:00,340,vouch,62723,4835,0,2,9,25,33,24,6,0.07708496085965276,1.35e-06,0.0006308411214953271
2022-05-24 00:00:00,339,album,63380,4809,0,5,26,35,24,9,1,0.07587567055853582,0.000105,0.04906542056074767
2022-05-23 00:00:00,338,hinge,66431,4906,0,5,25,37,22,9,2,0.0738510635095061,2.09e-06,0.0009766355140186915
2022-05-22 00:00:00,337,money,67909,4928,1,7,26,36,21,8,1,0.07256770089384323,0.000437,0.20420560747663552
2022-05-21 00:00:00,336,scrap,66814,4973,1,9,28,34,20,8,1,0.07443050857604694,7.94e-06,0.0037102803738317757
2022-05-20 00:00:00,335,gamer,69884,5238,1,4,17,28,26,18,6,0.07495277889073322,4.17e-06,0.0019485981308411215
2022-05-19 00:00:00,334,glass,70920,5162,0,4,19,33,27,14,3,0.07278623801466441,7.08e-05,0.03308411214953271
2022-05-18 00:00:00,333,scour,73933,5544,0,8,34,35,17,5,1,0.07498681238418568,9.33e-07,0.00043598130841121497
2022-05-17 00:00:00,332,being,70722,5142,0,4,22,37,26,10,1,0.07270721981844405,0.000891,0.4163551401869159
2022-05-16 00:00:00,331,delve,68349,5179,0,2,14,32,33,16,2,0.07577287158553893,1.38e-06,0.0006448598130841121
2022-05-15 00:00:00,330,yield,67115,4963,0,4,16,29,29,18,4,0.07394770170602696,1.45e-05,0.006775700934579439
2022-05-14 00:00:00,329,metal,73225,5290,1,10,31,34,18,7,1,0.07224308637760328,6.61e-05,0.03088785046728972
2022-05-13 00:00:00,328,tipsy,77585,5522,0,6,33,38,17,5,1,0.07117355158858027,7.41e-07,0.00034626168224299067
2022-05-12 00:00:00,327,slung,75673,5419,0,2,16,37,31,13,2,0.0716107462370991,7.08e-07,0.0003308411214953271
2022-05-11 00:00:00,326,farce,79446,5688,0,9,26,32,21,9,1,0.07159580092138056,2.14e-06,0.001
2022-05-10 00:00:00,325,gecko,74412,5489,0,2,16,38,29,12,2,0.07376498414234263,8.13e-07,0.0003799065420560748
2022-05-09 00:00:00,324,shine,88932,6146,1,14,32,30,17,6,1,0.06910898214366032,1.48e-05,0.00691588785046729
2022-05-08 00:00:00,323,canny,72518,5256,0,2,10,30,34,20,4,0.07247855704790535,7.76e-07,0.0003626168224299065
2022-05-07 00:00:00,322,midst,74458,5233,0,3,25,39,24,9,1,0.07028123237261275,7.76e-06,0.003626168224299066
2022-05-06 00:00:00,321,badge,76292,5482,0,4,20,35,26,12,2,0.07185550254286163,1.05e-05,0.004906542056074766
2022-05-05 00:00:00,320,homer,85979,6313,0,3,16,26,24,19,12,0.07342490608171763,7.76e-06,0.003626168224299066
2022-05-04 00:00:00,319,train,107750,7243,6,26,32,22,10,3,0,0.06722041763341068,9.12e-05,0.04261682242990654
2022-05-03 00:00:00,318,hairy,85817,5941,1,8,24,33,23,10,1,0.06922870759872753,6.31e-06,0.0029485981308411215
2022-05-02 00:00:00,317,story,95643,6530,1,10,23,29,24,11,2,0.06827472998546678,0.000282,0.13177570093457946
2022-05-01 00:00:00,316,forgo,77658,5699,0,1,9,26,37,23,3,0.07338587138478972,9.77e-07,0.0004565420560747663
2022-04-30 00:00:00,315,larva,77991,5749,0,2,10,25,35,23,4,0.07371363362439255,9.77e-07,0.0004565420560747663
2022-04-29 00:00:00,314,trash,106652,7001,2,19,34,27,13,4,1,0.06564340096763305,2.63e-05,0.012289719626168224
2022-04-28 00:00:00,313,zesty,88974,6315,0,2,12,27,30,22,7,0.07097579068042349,2.57e-07,0.00012009345794392523
2022-04-27 00:00:00,312,shown,98967,6564,0,6,26,36,22,8,1,0.06632513868259117,7.94e-05,0.03710280373831776
2022-04-26 00:00:00,311,heist,103153,6830,1,13,32,31,16,6,1,0.0662123253807451,2.45e-06,0.001144859813084112
2022-04-25 00:00:00,310,askew,91548,6549,0,3,13,29,32,19,4,0.07153624328221261,5.25e-07,0.0002453271028037383
2022-04-24 00:00:00,309,inert,97452,6743,0,7,27,34,22,9,1,0.06919303862414317,1.23e-06,0.000574766355140187
2022-04-23 00:00:00,308,olive,95562,6482,1,6,25,34,23,10,1,0.06783030911868734,1.23e-05,0.0057476635514018696
2022-04-22 00:00:00,307,plant,119232,7731,2,19,39,28,10,3,0,0.06483997584541062,7.76e-05,0.03626168224299066
2022-04-21 00:00:00,306,oxide,97955,6960,0,2,11,30,33,21,4,0.07105303455668419,4.57e-06,0.002135514018691589
2022-04-20 00:00:00,305,cargo,102007,6796,0,5,20,34,27,12,2,0.06662287882204163,1.55e-05,0.007242990654205608
2022-04-19 00:00:00,304,foyer,108899,8198,0,2,10,19,19,23,26,0.07528076474531446,1.23e-06,0.000574766355140187
2022-04-18 00:00:00,303,flair,112383,7341,1,8,30,36,18,6,1,0.06532126745148288,3.47e-06,0.0016214953271028038
2022-04-17 00:00:00,302,ample,106681,7008,0,4,20,35,27,11,2,0.0656911727486619,5.13e-06,0.002397196261682243
2022-04-16 00:00:00,301,cheek,107987,7035,0,3,19,40,28,9,1,0.06514673062498264,9.12e-06,0.004261682242990655
2022-04-15 00:00:00,300,shame,129991,8522,1,11,22,25,21,15,5,0.06555838481125617,3.55e-05,0.016588785046728973
2022-04-14 00:00:00,299,mince,113448,7356,0,6,24,35,24,10,1,0.06484027924687963,1.05e-06,0.0004906542056074766
2022-04-13 00:00:00,298,chunk,123255,7835,1,4,29,42,18,5,1,0.06356740091679851,4.37e-06,0.002042056074766355
2022-04-12 00:00:00,297,royal,114907,7275,1,5,24,36,23,9,1,0.06331206976076305,7.08e-05,0.03308411214953271
2022-04-11 00:00:00,296,squad,109828,7236,0,3,20,33,27,14,2,0.06588483811050005,4.68e-05,0.02186915887850467
2022-04-10 00:00:00,295,black,126241,7894,1,10,31,34,18,6,1,0.06253119034228183,0.000288,0.13457943925233645
2022-04-09 00:00:00,294,stair,134210,8537,2,21,36,26,11,4,1,0.06360926905595708,1.82e-06,0.0008504672897196262
2022-04-08 00:00:00,293,scare,141158,9010,1,12,23,26,21,13,4,0.06382918431828165,1.17e-05,0.005467289719626168
2022-04-07 00:00:00,292,foray,117761,7575,0,2,14,31,31,19,4,0.06432520104279006,1.1e-06,0.000514018691588785
2022-04-06 00:00:00,291,comma,117856,7560,0,2,13,33,33,17,3,0.0641460765680152,1.86e-06,0.0008691588785046728
2022-04-05 00:00:00,290,natal,121356,7702,0,2,14,32,32,17,3,0.06346616566135997,2.57e-06,0.0012009345794392523
2022-04-04 00:00:00,289,shawl,129651,7943,0,3,16,31,30,16,3,0.06126447154283422,1.48e-06,0.0006915887850467289
2022-04-03 00:00:00,288,fewer,124532,7931,0,2,10,24,32,26,6,0.063686442038994,2.04e-05,0.009532710280373832
2022-04-02 00:00:00,287,trope,155079,9315,1,16,33,28,15,6,1,0.060066159828216587,1.26e-06,0.000588785046728972
2022-04-01 00:00:00,286,snout,144648,8913,1,4,19,27,26,18,5,0.061618549858967975,1.2e-06,0.0005607476635514019
2022-03-31 00:00:00,285,lowly,135219,8469,0,2,9,26,32,24,8,0.06263173074789785,1.86e-06,0.0008691588785046728
2022-03-30 00:00:00,284,stove,158139,9318,0,5,16,24,27,21,6,0.05892284635668621,5.13e-06,0.002397196261682243
2022-03-29 00:00:00,283,shall,149070,8494,0,3,17,30,28,17,4,0.05697994230898236,0.000107,0.05
2022-03-28 00:00:00,282,found,173696,10613,1,6,17,22,20,21,14,0.06110100405305822,0.000479,0.22383177570093457
2022-03-27 00:00:00,281,nymph,165468,9935,1,2,18,44,26,26,9,0.0600418207750139,7.41e-07,0.00034626168224299067
2022-03-26 00:00:00,280,epoxy,149507,9376,0,2,13,31,33,18,3,0.06271278267907188,1.26e-06,0.000588785046728972
2022-03-25 00:00:00,279,depot,150197,8562,0,5,29,36,20,7,1,0.05700513325832074,8.91e-06,0.004163551401869158
2022-03-24 00:00:00,278,chest,169066,9318,1,14,35,31,14,5,1,0.05511457064105142,3.31e-05,0.015467289719626168
2022-03-23 00:00:00,277,purge,156785,8555,1,4,22,35,26,11,2,0.054565168861817136,3.72e-06,0.0017383177570093457
2022-03-22 00:00:00,276,slosh,160161,8807,0,2,19,36,27,13,2,0.05498841790448361,1.26e-07,5.887850467289719e-05
2022-03-21 00:00:00,275,their,173636,9200,2,14,36,30,13,4,0,0.052984404155820224,0.00214,1.0
2022-03-20 00:00:00,274,renew,154987,8417,0,4,20,33,27,13,2,0.05430778065257086,5.37e-06,0.0025093457943925236
2022-03-19 00:00:00,273,allow,156311,8515,0,5,21,32,26,14,3,0.05447473306421173,0.000102,0.04766355140186916
2022-03-18 00:00:00,272,saute,179830,9304,1,8,31,34,19,6,1,0.051737752321637104,2.88e-07,0.00013457943925233645
2022-03-17 00:00:00,271,movie,169071,8847,1,5,18,30,26,16,3,0.05232712883936334,0.000145,0.0677570093457944
2022-03-16 00:00:00,270,cater,217856,11234,1,7,19,22,19,18,15,0.05156617215041128,3.55e-06,0.0016588785046728971
2022-03-15 00:00:00,269,tease,202855,10024,1,16,32,30,16,6,1,0.0494146064923221,3.89e-06,0.0018177570093457945
2022-03-14 00:00:00,268,smelt,185406,9373,0,5,19,33,28,13,2,0.05055391950638059,9.77e-07,0.0004565420560747663
2022-03-13 00:00:00,267,focus,179436,8937,1,4,23,36,24,10,1,0.0498060589848191,0.0001,0.04672897196261683
2022-03-12 00:00:00,266,today,192049,9353,1,7,29,35,20,7,1,0.04870111273685362,0.000355,0.16588785046728974
2022-03-11 00:00:00,265,watch,226349,12400,1,6,14,18,17,24,20,0.054782658637767344,0.000219,0.10233644859813085
2022-03-10 00:00:00,264,lapse,208884,9960,0,8,31,34,19,7,1,0.04768196702476015,3.09e-06,0.00144392523364486
2022-03-09 00:00:00,263,month,201799,9435,1,5,26,37,22,8,1,0.04675444377821496,0.000178,0.08317757009345794
2022-03-08 00:00:00,262,sweet,207473,9767,1,5,18,31,28,15,2,0.0470760050705393,8.13e-05,0.037990654205607474
2022-03-07 00:00:00,261,hoard,218595,9823,1,9,30,34,19,7,1,0.04493698392003477,1.7e-06,0.000794392523364486
2022-03-06 00:00:00,260,cloth,218595,9911,1,8,33,34,17,7,1,0.04533955488460395,1.07e-05,0.005
2022-03-05 00:00:00,259,brine,229895,10405,1,9,25,29,22,12,3,0.04525979251397377,1.17e-06,0.0005467289719626169
2022-03-04 00:00:00,258,ahead,203730,9396,1,5,20,35,26,12,2,0.0461198645265793,0.000102,0.04766355140186916
2022-03-03 00:00:00,257,mourn,240018,10465,1,8,29,34,19,8,1,0.04360089659942171,2.69e-06,0.0012570093457943926
2022-03-02 00:00:00,256,nasty,257304,10813,1,7,26,31,21,11,2,0.042024220377452355,1.66e-05,0.007757009345794393
2022-03-01 00:00:00,255,rupee,240137,10577,1,2,17,35,30,13,2,0.044045690584957754,1.1e-06,0.000514018691588785
2022-02-28 00:00:00,254,choke,251094,10521,1,8,30,36,18,6,1,0.04190064278716337,5.25e-06,0.002453271028037383
2022-02-27 00:00:00,253,chant,250413,10438,1,9,33,33,16,7,1,0.04168313945362261,3.98e-06,0.0018598130841121496
2022-02-26 00:00:00,252,spill,248363,10087,1,5,26,34,22,10,2,0.040613940079641496,6.92e-06,0.003233644859813084
2022-02-25 00:00:00,251,vivid,255907,11687,1,2,10,29,33,21,4,0.04566893441758139,5.62e-06,0.0026261682242990658
2022-02-24 00:00:00,250,bloke,250674,10405,1,6,21,32,25,12,2,0.04150809417809585,3.55e-06,0.0016588785046728971
2022-02-23 00:00:00,249,trove,277576,11411,1,5,16,24,25,22,8,0.0411094619131337,1.1e-06,0.000514018691588785
2022-02-22 00:00:00,248,thorn,306356,11814,1,14,38,30,12,4,0,0.03856297901787463,3.02e-06,0.001411214953271028
2022-02-21 00:00:00,247,other,278731,10887,1,9,26,30,21,10,2,0.03905916457085864,0.00145,0.6775700934579438
2022-02-20 00:00:00,246,tacit,273306,11094,1,4,21,32,26,14,3,0.040591864064455224,8.71e-07,0.00040700934579439253
2022-02-19 00:00:00,245,swill,282327,11241,1,1,8,19,31,30,10,0.03981553305209916,2.09e-07,9.766355140186917e-05
2022-02-18 00:00:00,244,dodge,265238,10220,1,3,15,29,27,19,7,0.03853143214773147,8.51e-06,0.003976635514018691
2022-02-17 00:00:00,243,shake,342003,12767,1,6,16,23,24,21,9,0.03733008189986638,2.14e-05,0.01
2022-02-16 00:00:00,242,caulk,289721,10740,1,4,20,31,26,15,3,0.03707014679640067,1.95e-07,9.11214953271028e-05
2022-02-15 00:00:00,241,aroma,287836,10343,1,6,25,33,22,11,2,0.03593365666560124,1.7e-06,0.000794392523364486
2022-02-14 00:00:00,240,cynic,261521,10343,1,6,25,33,22,11,2,0.03954940521028904,6.46e-07,0.0003018691588785047
2022-02-13 00:00:00,239,robin,277471,13249,1,6,29,34,21,8,1,0.04774913414374836,2.14e-05,0.01
2022-02-12 00:00:00,238,ultra,269885,9310,1,7,23,34,24,10,1,0.034496174296459604,1.7e-05,0.00794392523364486
2022-02-11 00:00:00,237,ulcer,278826,10631,1,4,18,30,28,16,3,0.038127721231162086,1.07e-06,0.0005
2022-02-10 00:00:00,236,pause,304830,13480,1,8,26,32,21,10,2,0.04422136928779976,1e-05,0.004672897196261683
2022-02-09 00:00:00,235,humor,305372,13846,1,5,22,34,25,11,2,0.04534141964554707,1.55e-05,0.007242990654205608
2022-02-08 00:00:00,234,frame,336236,15369,1,10,20,24,24,17,3,0.045708966321274344,3.8e-05,0.017757009345794394
2022-02-07 00:00:00,233,elder,288228,13340,1,3,13,24,30,24,5,0.04628280389136378,1.15e-05,0.005373831775700935
2022-02-06 00:00:00,232,skill,311018,13716,1,3,17,33,27,16,3,0.04410034145933676,2.63e-05,0.012289719626168224
2022-02-05 00:00:00,231,aloft,319698,13708,1,4,22,36,25,11,2,0.04287796608048846,1.2e-06,0.0005607476635514019
2022-02-04 00:00:00,230,pleat,359679,14813,1,10,28,31,19,9,2,0.041183944572799634,1.55e-07,7.242990654205607e-05
2022-02-03 00:00:00,229,shard,358176,14609,1,7,22,28,25,14,4,0.04078721075672295,1e-06,0.0004672897196261682
2022-02-02 00:00:00,228,moist,361908,14205,3,13,32,29,16,7,1,0.03925030670778209,4.9e-06,0.002289719626168224
2022-02-01 00:00:00,227,those,351663,13606,1,13,34,30,15,6,1,0.03869045080090883,0.000794,0.3710280373831776
2022-01-31 00:00:00,226,light,341314,13347,1,10,25,27,19,12,5,0.03910475398020591,0.000214,0.1
2022-01-30 00:00:00,225,wrung,294687,11524,0,2,18,39,27,12,2,0.03910589880110083,2.29e-07,0.00010700934579439253
2022-01-29 00:00:00,224,could,313220,11592,1,7,29,35,20,8,1,0.037009130962262944,0.00115,0.5373831775700935
2022-01-28 00:00:00,223,perky,296968,11148,1,4,17,30,27,17,4,0.037539398184316154,8.91e-07,0.00041635514018691593
2022-01-27 00:00:00,222,mount,331844,11451,1,9,29,33,19,7,1,0.03450717807162402,2.95e-05,0.013785046728971961
2022-01-26 00:00:00,221,whack,302348,10163,1,4,22,37,24,10,2,0.03361358434651461,2.69e-06,0.0012570093457943926
2022-01-25 00:00:00,220,sugar,276404,8708,1,6,25,34,23,9,1,0.03150460919523596,4.79e-05,0.02238317757009346
2022-01-24 00:00:00,219,knoll,258038,8317,1,1,11,29,33,21,4,0.032231686805819296,7.94e-07,0.0003710280373831776
2022-01-23 00:00:00,218,crimp,269929,7630,1,5,28,38,20,7,1,0.02826669235243342,4.07e-07,0.00019018691588785046
2022-01-22 00:00:00,217,wince,241489,6850,1,3,17,33,29,15,3,0.02836568125256223,4.07e-07,0.00019018691588785046
2022-01-21 00:00:00,216,prick,273727,7409,1,8,30,33,19,7,1,0.027067114314627348,3.98e-06,0.0018598130841121496
2022-01-20 00:00:00,215,robot,243964,6589,1,8,29,34,20,8,1,0.027008083159810462,1.74e-05,0.008130841121495327
2022-01-19 00:00:00,214,point,280622,7094,1,16,37,28,12,4,1,0.02527955755429011,0.000347,0.16214953271028038
2022-01-18 00:00:00,213,proxy,220950,6206,1,2,11,24,31,26,6,0.028087802670287397,5.37e-06,0.0025093457943925236
2022-01-17 00:00:00,212,shire,222197,5640,1,8,32,32,18,8,2,0.025382880956988617,2.95e-06,0.0013785046728971963
2022-01-16 00:00:00,211,solar,209609,4955,1,9,32,32,18,7,1,0.023639252131349323,3.39e-05,0.015841121495327102
2022-01-15 00:00:00,210,panic,205880,4655,1,9,35,34,16,5,1,0.022610258402953175,1.82e-05,0.008504672897196261
2022-01-14 00:00:00,209,tangy,169484,3985,1,4,21,30,24,15,5,0.02351254395695169,4.37e-07,0.0002042056074766355
2022-01-13 00:00:00,208,abbey,132726,3345,1,2,13,29,31,20,3,0.025202296460377017,7.59e-06,0.003546728971962617
2022-01-12 00:00:00,207,favor ,137586,3073,1,4,15,26,29,21,4,0.022335121305946826,3.8e-05,0.017757009345794394
2022-01-11 00:00:00,206,drink,153880,3017,1,9,35,34,16,5,1,0.019606186638939434,7.94e-05,0.03710280373831776
2022-01-10 00:00:00,205,query,107134,2242,1,4,16,30,30,17,2,0.02092706330389979,4.37e-06,0.002042056074766355
2022-01-09 00:00:00,204,gorge,91477,1913,1,3,13,27,30,22,4,0.020912360484056102,2.51e-06,0.0011728971962616823
2022-01-08 00:00:00,203,crank,101503,1763,1,5,23,31,24,14,2,0.017368944760253392,4.07e-06,0.0019018691588785048
2022-01-07 00:00:00,202,slump,80630,1362,1,3,23,39,24,9,1,0.01689197569142999,2.29e-06,0.0010700934579439252
